--
-- PostgreSQL database dump
--

SET statement_timeout = 0;
SET lock_timeout = 0;
SET client_encoding = 'UTF8';
SET standard_conforming_strings = on;
SET check_function_bodies = false;
SET client_min_messages = warning;

--
-- Name: plpgsql; Type: EXTENSION; Schema: -; Owner: 
--

CREATE EXTENSION IF NOT EXISTS plpgsql WITH SCHEMA pg_catalog;


--
-- Name: EXTENSION plpgsql; Type: COMMENT; Schema: -; Owner: 
--

COMMENT ON EXTENSION plpgsql IS 'PL/pgSQL procedural language';


SET search_path = public, pg_catalog;

--
-- Name: device_types_enum; Type: TYPE; Schema: public; Owner: postgres
--

CREATE TYPE device_types_enum AS ENUM (
    'mobile',
    'desktop'
);


ALTER TYPE public.device_types_enum OWNER TO postgres;

--
-- Name: language_options_enum; Type: TYPE; Schema: public; Owner: postgres
--

CREATE TYPE language_options_enum AS ENUM (
    'es',
    'en',
    'default',
    'auto'
);


ALTER TYPE public.language_options_enum OWNER TO postgres;

--
-- Name: qvd_objects_enum; Type: TYPE; Schema: public; Owner: qvd
--

CREATE TYPE qvd_objects_enum AS ENUM (
    'user',
    'vm',
    'host',
    'osf',
    'di',
    'role',
    'administrator',
    'tenant'
);


ALTER TYPE public.qvd_objects_enum OWNER TO qvd;

--
-- Name: view_types_enum; Type: TYPE; Schema: public; Owner: postgres
--

CREATE TYPE view_types_enum AS ENUM (
    'filter',
    'list_column'
);


ALTER TYPE public.view_types_enum OWNER TO postgres;

--
-- Name: acls_in_role_recursive(integer); Type: FUNCTION; Schema: public; Owner: postgres
--

CREATE FUNCTION acls_in_role_recursive(role_id integer) RETURNS TABLE(inheritor_id integer, inherited_id integer, inheritor_name text, inherited_name text, acl_id integer, acl_name text, acl_positive boolean, inheritor_fixed boolean, inheritor_internal boolean, inherited_fixed boolean, inherited_internal boolean)
    LANGUAGE sql
    AS $_$

      with recursive all_role_role_relations(inheritor_id, inherited_id) as ( 
        
          select inheritor_id, inherited_id 
          from role_role_relations 
          where inheritor_id in ( $1 ) 

          union 

          select p.inheritor_id, p.inherited_id 
          from all_role_role_relations pr, role_role_relations p 
          where pr.inherited_id=p.inheritor_id  ) 

      select a.inheritor_id as inheritor_id, a.inherited_id as inherited_id, d.name as inheritor_name, e.name as inherited_name, 
             b.acl_id as acl_id, c.name as acl_name, b.positive as acl_positive, d.fixed as inheritor_fixed, d.internal as inheritor_internal, 
             e.fixed as inherited_fixed, e.internal as inherited_internal 
      from all_role_role_relations a 
      left join acl_role_relations b on (a.inherited_id=b.role_id) 
      left join acls c on (c.id=b.acl_id) 
      join roles d on (d.id=a.inheritor_id) 
      join roles e on (e.id=a.inherited_id) 

      union 

      select f.id as inheritor_id, f.id as inherited_id, f.name as inheritor_name, f.name as inherited_name, g.acl_id as acl_id, h.name as acl_name, 
             g.positive as acl_positive, f.fixed as inheritor_fixed, f.internal as inheritor_internal, f.fixed as inherited_fixed, f.internal as inherited_internal  
      from roles f 
      join acl_role_relations g on (f.id=g.role_id) 
      join acls h on (h.id=g.acl_id) 

      where f.id in ( $1 )

$_$;


ALTER FUNCTION public.acls_in_role_recursive(role_id integer) OWNER TO postgres;

--
-- Name: delete_views_for_removed_property(); Type: FUNCTION; Schema: public; Owner: postgres
--

CREATE FUNCTION delete_views_for_removed_property() RETURNS trigger
    LANGUAGE plpgsql
    AS $_$

-- Flags for deleting views in involved tenant and tenant 0

DECLARE delete_in_tenant_n boolean;
DECLARE delete_in_tenant_zero boolean;

-- Variable for rows retrieved by queries

DECLARE i record;

-- Variable for tenant_id involved

DECLARE tid int;

-- Variable for qvd_object involved 

DECLARE qo qvd_objects_enum;
BEGIN
qo := TG_ARGV[0];


-- Hosts are not related to any tenant, so they have the following specific behaviour

IF qo = 'host' THEN

    IF EXISTS (SELECT 1 FROM host_properties p WHERE p.key=OLD.key) THEN                                          
    --                                                                                                                                                              
    ELSE

      EXECUTE 'DELETE FROM tenant_views_setups WHERE field=$1 AND qvd_object=$2 AND property=$3' USING OLD.key, qo, TRUE;
      RAISE NOTICE 'Deleted rows in tenant_views_setups by procedure delete_tenant_views_for_removed_property'; 

      EXECUTE 'DELETE FROM administrator_views_setups WHERE field=$1 AND qvd_object=$2 AND property=$3' USING OLD.key, qo, TRUE;
      RAISE NOTICE 'Deleted rows in administrator_views_setups by procedure delete_tenant_views_for_removed_property'; 

    END IF;

-- For the rest of qvd objects

ELSE                                                                                                            

-- Tenant id and properties are found in different ways according to qvd objects

  IF qo = 'vm' THEN                                                                                                                                                            

    SELECT u.tenant_id INTO tid FROM users u JOIN vms vm ON vm.user_id=u.id WHERE vm.id=OLD.vm_id;
    IF EXISTS (SELECT 1 FROM vm_properties p JOIN vms vm ON p.vm_id=vm.id JOIN users u ON u.id=vm.user_id WHERE p.key=OLD.key AND u.tenant_id=tid) THEN
      delete_in_tenant_n := FALSE;
    ELSE
      delete_in_tenant_n := TRUE;
    END IF;

    IF EXISTS (SELECT 1 FROM vm_properties p WHERE p.key=OLD.key) THEN
      delete_in_tenant_zero := FALSE;
    ELSE
      delete_in_tenant_zero := TRUE;
    END IF;
                       
  ELSIF qo = 'user' THEN

    SELECT u.tenant_id INTO tid FROM users u WHERE u.id=OLD.user_id;                                                                                                                       
    IF EXISTS (SELECT 1 FROM user_properties p JOIN users u ON u.id=p.user_id WHERE p.key=OLD.key AND u.tenant_id=tid) THEN
      delete_in_tenant_n := FALSE;
    ELSE
      delete_in_tenant_n := TRUE;
    END IF;

    IF EXISTS (SELECT 1 FROM user_properties p WHERE p.key=OLD.key) THEN
      delete_in_tenant_zero := FALSE;
    ELSE
      delete_in_tenant_zero := TRUE;
    END IF;

  ELSIF qo = 'osf' THEN

    SELECT o.tenant_id INTO tid FROM osfs o WHERE o.id=OLD.osf_id;                                                                                                                       
    IF EXISTS (SELECT 1 FROM osf_properties p JOIN osfs o ON o.id=p.osf_id WHERE p.key=OLD.key AND o.tenant_id=tid) THEN
      delete_in_tenant_n := FALSE;
    ELSE
      delete_in_tenant_n := TRUE;
    END IF;

    IF EXISTS (SELECT 1 FROM osf_properties p WHERE p.key=OLD.key) THEN
      delete_in_tenant_zero := FALSE;
    ELSE
      delete_in_tenant_zero := TRUE;
    END IF;

  ELSIF qo = 'di' THEN

    SELECT o.tenant_id INTO tid FROM osfs o JOIN dis di ON di.osf_id=o.id WHERE di.id=OLD.di_id;
    IF EXISTS (SELECT 1 FROM di_properties p JOIN dis di ON p.di_id=di.id JOIN osfs o ON o.id=di.osf_id WHERE p.key=OLD.key AND o.tenant_id=tid) THEN
      delete_in_tenant_n := FALSE;
    ELSE
      delete_in_tenant_n := TRUE;
    END IF;

    IF EXISTS (SELECT 1 FROM di_properties p WHERE p.key=OLD.key) THEN
      delete_in_tenant_zero := FALSE;
    ELSE
      delete_in_tenant_zero := TRUE;
    END IF;
       
  ELSE                

  RAISE EXCEPTION 'Invalid qvd_object provided to delete_tenant_views_for_removed_property()';	

  END IF;

  IF delete_in_tenant_n  THEN
    
    EXECUTE 'DELETE FROM tenant_views_setups WHERE field=$1 AND qvd_object=$2 AND property=$3 AND tenant_id=$4' USING OLD.key, qo, TRUE, tid;
    RAISE NOTICE 'Deleted rows in tenant_views_setups by procedure delete_tenant_views_for_removed_property'; 

    FOR i IN SELECT a.id as administrator_id FROM administrators a WHERE a.tenant_id=tid LOOP
      EXECUTE 'DELETE FROM administrator_views_setups WHERE field=$1 AND qvd_object=$2 AND property=$3 AND administrator_id=$4' USING OLD.key, qo, TRUE, i.administrator_id;
      RAISE NOTICE 'Deleted rows in tenant_views_setups by procedure delete_tenant_views_for_removed_property'; 
    END LOOP;
  
  ELSE

  END IF;

  IF  delete_in_tenant_zero THEN

    EXECUTE 'DELETE FROM tenant_views_setups WHERE field=$1 AND qvd_object=$2 AND property=$3 AND tenant_id=$4' USING OLD.key, qo, TRUE, 0;
    RAISE NOTICE 'Deleted rows in tenant_views_setups by procedure delete_tenant_views_for_removed_property'; 

    FOR i IN SELECT a.id as administrator_id FROM administrators a WHERE a.tenant_id='0' LOOP
      EXECUTE 'DELETE FROM administrator_views_setups WHERE field=$1 AND qvd_object=$2 AND property=$3 AND administrator_id=$4' USING OLD.key, qo, TRUE, i.administrator_id;
      RAISE NOTICE 'Deleted rows in administrator_views_setups by procedure delete_tenant_views_for_removed_property'; 
    END LOOP;

  ELSE

  END IF;
END IF;

RETURN OLD;
END;
$_$;


ALTER FUNCTION public.delete_views_for_removed_property() OWNER TO postgres;

--
-- Name: di_blocked_or_unblocked_notify(); Type: FUNCTION; Schema: public; Owner: postgres
--

CREATE FUNCTION di_blocked_or_unblocked_notify() RETURNS trigger
    LANGUAGE plpgsql
    AS $$ BEGIN listen di_blocked_or_unblocked; notify di_blocked_or_unblocked; RETURN NULL; END; $$;


ALTER FUNCTION public.di_blocked_or_unblocked_notify() OWNER TO postgres;

--
-- Name: di_created_or_removed_notify(); Type: FUNCTION; Schema: public; Owner: postgres
--

CREATE FUNCTION di_created_or_removed_notify() RETURNS trigger
    LANGUAGE plpgsql
    AS $$ BEGIN notify di_created_or_removed; notify di_created_or_removed; RETURN NULL; END; $$;


ALTER FUNCTION public.di_created_or_removed_notify() OWNER TO postgres;

--
-- Name: host_blocked_or_unblocked_notify(); Type: FUNCTION; Schema: public; Owner: postgres
--

CREATE FUNCTION host_blocked_or_unblocked_notify() RETURNS trigger
    LANGUAGE plpgsql
    AS $$ BEGIN listen host_blocked_or_unblocked; notify host_blocked_or_unblocked; RETURN NULL; END; $$;


ALTER FUNCTION public.host_blocked_or_unblocked_notify() OWNER TO postgres;

--
-- Name: host_created_or_removed_notify(); Type: FUNCTION; Schema: public; Owner: postgres
--

CREATE FUNCTION host_created_or_removed_notify() RETURNS trigger
    LANGUAGE plpgsql
    AS $$ BEGIN listen host_created_or_removed; notify host_created_or_removed; RETURN NULL; END; $$;


ALTER FUNCTION public.host_created_or_removed_notify() OWNER TO postgres;

--
-- Name: host_state_changed_notify(); Type: FUNCTION; Schema: public; Owner: postgres
--

CREATE FUNCTION host_state_changed_notify() RETURNS trigger
    LANGUAGE plpgsql
    AS $$ BEGIN listen host_state_changed; notify host_state_changed; RETURN NULL; END; $$;


ALTER FUNCTION public.host_state_changed_notify() OWNER TO postgres;

--
-- Name: osf_created_or_removed_notify(); Type: FUNCTION; Schema: public; Owner: postgres
--

CREATE FUNCTION osf_created_or_removed_notify() RETURNS trigger
    LANGUAGE plpgsql
    AS $$ BEGIN listen osf_created_or_removed; notify osf_created_or_removed; RETURN NULL; END; $$;


ALTER FUNCTION public.osf_created_or_removed_notify() OWNER TO postgres;

--
-- Name: user_blocked_or_unblocked_notify(); Type: FUNCTION; Schema: public; Owner: postgres
--

CREATE FUNCTION user_blocked_or_unblocked_notify() RETURNS trigger
    LANGUAGE plpgsql
    AS $$ BEGIN listen user_blocked_or_unblocked; notify user_blocked_or_unblocked; RETURN NULL; END; $$;


ALTER FUNCTION public.user_blocked_or_unblocked_notify() OWNER TO postgres;

--
-- Name: user_created_or_removed_notify(); Type: FUNCTION; Schema: public; Owner: postgres
--

CREATE FUNCTION user_created_or_removed_notify() RETURNS trigger
    LANGUAGE plpgsql
    AS $$ BEGIN listen user_created_or_removed; notify user_created_or_removed; RETURN NULL; END; $$;


ALTER FUNCTION public.user_created_or_removed_notify() OWNER TO postgres;

--
-- Name: user_state_changed_notify(); Type: FUNCTION; Schema: public; Owner: postgres
--

CREATE FUNCTION user_state_changed_notify() RETURNS trigger
    LANGUAGE plpgsql
    AS $$ BEGIN listen user_state_changed_trigger; notify user_state_changed_trigger; RETURN NULL; END; $$;


ALTER FUNCTION public.user_state_changed_notify() OWNER TO postgres;

--
-- Name: vm_blocked_or_unblocked_notify(); Type: FUNCTION; Schema: public; Owner: postgres
--

CREATE FUNCTION vm_blocked_or_unblocked_notify() RETURNS trigger
    LANGUAGE plpgsql
    AS $$ BEGIN listen vm_blocked_or_unblocked; notify vm_blocked_or_unblocked; RETURN NULL; END; $$;


ALTER FUNCTION public.vm_blocked_or_unblocked_notify() OWNER TO postgres;

--
-- Name: vm_created_or_removed_notify(); Type: FUNCTION; Schema: public; Owner: postgres
--

CREATE FUNCTION vm_created_or_removed_notify() RETURNS trigger
    LANGUAGE plpgsql
    AS $$ BEGIN listen vm_created_or_removed; notify vm_created_or_removed; RETURN NULL; END; $$;


ALTER FUNCTION public.vm_created_or_removed_notify() OWNER TO postgres;

--
-- Name: vm_expiration_date_changed_notify(); Type: FUNCTION; Schema: public; Owner: postgres
--

CREATE FUNCTION vm_expiration_date_changed_notify() RETURNS trigger
    LANGUAGE plpgsql
    AS $$ BEGIN listen vm_expiration_date_changed; notify vm_expiration_date_changed; RETURN NULL; END; $$;


ALTER FUNCTION public.vm_expiration_date_changed_notify() OWNER TO postgres;

--
-- Name: vm_state_changed_notify(); Type: FUNCTION; Schema: public; Owner: postgres
--

CREATE FUNCTION vm_state_changed_notify() RETURNS trigger
    LANGUAGE plpgsql
    AS $$ BEGIN listen vm_state_changed; notify vm_state_changed; RETURN NULL; END; $$;


ALTER FUNCTION public.vm_state_changed_notify() OWNER TO postgres;

SET default_tablespace = '';

SET default_with_oids = false;

--
-- Name: acl_role_relations; Type: TABLE; Schema: public; Owner: qvd; Tablespace: 
--

CREATE TABLE acl_role_relations (
    id integer NOT NULL,
    acl_id integer NOT NULL,
    role_id integer NOT NULL,
    positive boolean DEFAULT true NOT NULL
);


ALTER TABLE public.acl_role_relations OWNER TO qvd;

--
-- Name: acl_role_relations_id_seq; Type: SEQUENCE; Schema: public; Owner: qvd
--

CREATE SEQUENCE acl_role_relations_id_seq
    START WITH 1
    INCREMENT BY 1
    NO MINVALUE
    NO MAXVALUE
    CACHE 1;


ALTER TABLE public.acl_role_relations_id_seq OWNER TO qvd;

--
-- Name: acl_role_relations_id_seq; Type: SEQUENCE OWNED BY; Schema: public; Owner: qvd
--

ALTER SEQUENCE acl_role_relations_id_seq OWNED BY acl_role_relations.id;


--
-- Name: acls; Type: TABLE; Schema: public; Owner: qvd; Tablespace: 
--

CREATE TABLE acls (
    id integer NOT NULL,
    name character varying(64) NOT NULL
);


ALTER TABLE public.acls OWNER TO qvd;

--
-- Name: acls_id_seq; Type: SEQUENCE; Schema: public; Owner: qvd
--

CREATE SEQUENCE acls_id_seq
    START WITH 1
    INCREMENT BY 1
    NO MINVALUE
    NO MAXVALUE
    CACHE 1;


ALTER TABLE public.acls_id_seq OWNER TO qvd;

--
-- Name: acls_id_seq; Type: SEQUENCE OWNED BY; Schema: public; Owner: qvd
--

ALTER SEQUENCE acls_id_seq OWNED BY acls.id;


--
-- Name: administrator_views_setups; Type: TABLE; Schema: public; Owner: qvd; Tablespace: 
--

CREATE TABLE administrator_views_setups (
    id integer NOT NULL,
    administrator_id integer NOT NULL,
    field character varying(64) NOT NULL,
    visible boolean NOT NULL,
    device_type device_types_enum NOT NULL,
    view_type view_types_enum NOT NULL,
    property boolean NOT NULL,
    qvd_object qvd_objects_enum NOT NULL
);


ALTER TABLE public.administrator_views_setups OWNER TO qvd;

--
-- Name: administrator_views_setups_id_seq; Type: SEQUENCE; Schema: public; Owner: qvd
--

CREATE SEQUENCE administrator_views_setups_id_seq
    START WITH 1
    INCREMENT BY 1
    NO MINVALUE
    NO MAXVALUE
    CACHE 1;


ALTER TABLE public.administrator_views_setups_id_seq OWNER TO qvd;

--
-- Name: administrator_views_setups_id_seq; Type: SEQUENCE OWNED BY; Schema: public; Owner: qvd
--

ALTER SEQUENCE administrator_views_setups_id_seq OWNED BY administrator_views_setups.id;


--
-- Name: administrators; Type: TABLE; Schema: public; Owner: qvd; Tablespace: 
--

CREATE TABLE administrators (
    id integer NOT NULL,
    name character varying(64) NOT NULL,
    password character varying(64),
    tenant_id integer NOT NULL,
    language language_options_enum DEFAULT 'auto'::language_options_enum NOT NULL,
    block integer DEFAULT 0
);


ALTER TABLE public.administrators OWNER TO qvd;

--
-- Name: administrators_id_seq; Type: SEQUENCE; Schema: public; Owner: qvd
--

CREATE SEQUENCE administrators_id_seq
    START WITH 1
    INCREMENT BY 1
    NO MINVALUE
    NO MAXVALUE
    CACHE 1;


ALTER TABLE public.administrators_id_seq OWNER TO qvd;

--
-- Name: administrators_id_seq; Type: SEQUENCE OWNED BY; Schema: public; Owner: qvd
--

ALTER SEQUENCE administrators_id_seq OWNED BY administrators.id;


--
-- Name: role_role_relations; Type: TABLE; Schema: public; Owner: qvd; Tablespace: 
--

CREATE TABLE role_role_relations (
    id integer NOT NULL,
    inheritor_id integer NOT NULL,
    inherited_id integer NOT NULL
);


ALTER TABLE public.role_role_relations OWNER TO qvd;

--
-- Name: all_role_role_relations; Type: VIEW; Schema: public; Owner: qvd
--

CREATE VIEW all_role_role_relations AS
 WITH RECURSIVE all_role_role_relations(inheritor_id, inherited_id) AS (
         SELECT role_role_relations.inheritor_id,
            role_role_relations.inherited_id
           FROM role_role_relations
        UNION
         SELECT p.inheritor_id,
            p.inherited_id
           FROM all_role_role_relations pr,
            role_role_relations p
          WHERE (pr.inherited_id = p.inheritor_id)
        )
 SELECT a.inheritor_id,
    a.inherited_id
   FROM all_role_role_relations a;


ALTER TABLE public.all_role_role_relations OWNER TO qvd;

--
-- Name: all_acl_role_relations; Type: VIEW; Schema: public; Owner: qvd
--

CREATE VIEW all_acl_role_relations AS
 WITH RECURSIVE all_acls_role_relations(inheritor_id, inherited_id, acl_id) AS (
         SELECT a.inheritor_id,
            a.inherited_id,
            b.acl_id
           FROM (role_role_relations a
             JOIN acl_role_relations b ON ((b.role_id = a.inherited_id)))
          WHERE ((b.positive = true) AND (NOT (b.acl_id IN ( SELECT c.acl_id
                   FROM acl_role_relations c
                  WHERE ((c.positive = false) AND (c.role_id = a.inheritor_id))))))
        UNION
         SELECT d.inheritor_id,
            d.inherited_id,
            e.acl_id
           FROM (role_role_relations d
             JOIN all_acls_role_relations e ON ((d.inherited_id = e.inheritor_id)))
          WHERE (NOT (e.acl_id IN ( SELECT f.acl_id
                   FROM acl_role_relations f
                  WHERE ((f.positive = false) AND (f.role_id = d.inheritor_id)))))
        )
 SELECT all_acls_role_relations.inheritor_id,
    all_acls_role_relations.inherited_id,
    all_acls_role_relations.acl_id
   FROM all_acls_role_relations
 WHERE (NOT (all_acls_role_relations.acl_id IN ( SELECT c.acl_id
                                                 FROM acl_role_relations c
                                                 WHERE ((c.positive = false) AND (c.role_id = all_acls_role_relations.inheritor_id)))))
UNION
 SELECT acl_role_relations.role_id AS inheritor_id,
    acl_role_relations.role_id AS inherited_id,
    acl_role_relations.acl_id
   FROM acl_role_relations
  WHERE (acl_role_relations.positive = true);


ALTER TABLE public.all_acl_role_relations OWNER TO qvd;

--
-- Name: configs; Type: TABLE; Schema: public; Owner: qvd; Tablespace: 
--

CREATE TABLE configs (
    key character varying(64) NOT NULL,
    value character varying(4096) NOT NULL
);


ALTER TABLE public.configs OWNER TO qvd;

--
-- Name: di_properties; Type: TABLE; Schema: public; Owner: qvd; Tablespace: 
--

CREATE TABLE di_properties (
    di_id integer NOT NULL,
    key character varying(1024) NOT NULL,
    value character varying(32768) NOT NULL
);


ALTER TABLE public.di_properties OWNER TO qvd;

--
-- Name: di_tags; Type: TABLE; Schema: public; Owner: qvd; Tablespace: 
--

CREATE TABLE di_tags (
    id integer NOT NULL,
    di_id integer NOT NULL,
    tag character varying(1024) NOT NULL,
    fixed boolean DEFAULT false NOT NULL
);


ALTER TABLE public.di_tags OWNER TO qvd;

--
-- Name: di_tags_id_seq; Type: SEQUENCE; Schema: public; Owner: qvd
--

CREATE SEQUENCE di_tags_id_seq
    START WITH 1
    INCREMENT BY 1
    NO MINVALUE
    NO MAXVALUE
    CACHE 1;


ALTER TABLE public.di_tags_id_seq OWNER TO qvd;

--
-- Name: di_tags_id_seq; Type: SEQUENCE OWNED BY; Schema: public; Owner: qvd
--

ALTER SEQUENCE di_tags_id_seq OWNED BY di_tags.id;


--
-- Name: dis; Type: TABLE; Schema: public; Owner: qvd; Tablespace: 
--

CREATE TABLE dis (
    id integer NOT NULL,
    osf_id integer NOT NULL,
    path character varying(4096) NOT NULL,
    blocked boolean NOT NULL,
    version character varying(64) NOT NULL
);


ALTER TABLE public.dis OWNER TO qvd;

--
-- Name: dis_id_seq; Type: SEQUENCE; Schema: public; Owner: qvd
--

CREATE SEQUENCE dis_id_seq
    START WITH 1
    INCREMENT BY 1
    NO MINVALUE
    NO MAXVALUE
    CACHE 1;


ALTER TABLE public.dis_id_seq OWNER TO qvd;

--
-- Name: dis_id_seq; Type: SEQUENCE OWNED BY; Schema: public; Owner: qvd
--

ALTER SEQUENCE dis_id_seq OWNED BY dis.id;


--
-- Name: host_cmds; Type: TABLE; Schema: public; Owner: qvd; Tablespace: 
--

CREATE TABLE host_cmds (
    name character varying(20) NOT NULL
);


ALTER TABLE public.host_cmds OWNER TO qvd;

--
-- Name: host_counters; Type: TABLE; Schema: public; Owner: qvd; Tablespace: 
--

CREATE TABLE host_counters (
    host_id integer DEFAULT 0 NOT NULL,
    http_requests integer DEFAULT 0 NOT NULL,
    auth_attempts integer DEFAULT 0 NOT NULL,
    auth_ok integer DEFAULT 0 NOT NULL,
    nx_attempts integer DEFAULT 0 NOT NULL,
    nx_ok integer DEFAULT 0 NOT NULL,
    short_sessions integer DEFAULT 0 NOT NULL
);


ALTER TABLE public.host_counters OWNER TO qvd;

--
-- Name: host_properties; Type: TABLE; Schema: public; Owner: qvd; Tablespace: 
--

CREATE TABLE host_properties (
    host_id integer NOT NULL,
    key character varying(1024) NOT NULL,
    value character varying(32768) NOT NULL
);


ALTER TABLE public.host_properties OWNER TO qvd;

--
-- Name: host_runtimes; Type: TABLE; Schema: public; Owner: qvd; Tablespace: 
--

CREATE TABLE host_runtimes (
    host_id integer NOT NULL,
    pid integer,
    ok_ts timestamp without time zone,
    usable_ram numeric,
    usable_cpu numeric,
    state character varying(12) NOT NULL,
    blocked boolean NOT NULL,
    cmd character varying(12)
);


ALTER TABLE public.host_runtimes OWNER TO qvd;

--
-- Name: host_states; Type: TABLE; Schema: public; Owner: qvd; Tablespace: 
--

CREATE TABLE host_states (
    name character varying(20) NOT NULL
);


ALTER TABLE public.host_states OWNER TO qvd;

--
-- Name: hosts; Type: TABLE; Schema: public; Owner: qvd; Tablespace: 
--

CREATE TABLE hosts (
    id integer NOT NULL,
    name character varying(127) NOT NULL,
    address character varying(127) NOT NULL,
    frontend boolean NOT NULL,
    backend boolean NOT NULL
);


ALTER TABLE public.hosts OWNER TO qvd;

--
-- Name: hosts_id_seq; Type: SEQUENCE; Schema: public; Owner: qvd
--

CREATE SEQUENCE hosts_id_seq
    START WITH 1
    INCREMENT BY 1
    NO MINVALUE
    NO MAXVALUE
    CACHE 1;


ALTER TABLE public.hosts_id_seq OWNER TO qvd;

--
-- Name: hosts_id_seq; Type: SEQUENCE OWNED BY; Schema: public; Owner: qvd
--

ALTER SEQUENCE hosts_id_seq OWNED BY hosts.id;


--
-- Name: role_administrator_relations; Type: TABLE; Schema: public; Owner: qvd; Tablespace: 
--

CREATE TABLE role_administrator_relations (
    id integer NOT NULL,
    role_id integer NOT NULL,
    administrator_id integer NOT NULL
);


ALTER TABLE public.role_administrator_relations OWNER TO qvd;

--
-- Name: operative_acls_in_admins_basic; Type: VIEW; Schema: public; Owner: qvd
--

CREATE VIEW operative_acls_in_admins_basic AS
 SELECT DISTINCT ac.id AS acl_id,
    ad.id AS admin_id,
        CASE
            WHEN (j.inheritor_id IS NOT NULL) THEN true
            ELSE false
        END AS operative
   FROM ((acls ac
     CROSS JOIN administrators ad)
     LEFT JOIN all_acl_role_relations j ON (((j.acl_id = ac.id) AND (j.inheritor_id IN ( SELECT role_administrator_relations.role_id
           FROM role_administrator_relations
          WHERE (role_administrator_relations.administrator_id = ad.id))))));


ALTER TABLE public.operative_acls_in_admins_basic OWNER TO qvd;

--
-- Name: roles; Type: TABLE; Schema: public; Owner: qvd; Tablespace: 
--

CREATE TABLE roles (
    id integer NOT NULL,
    name character varying(64) NOT NULL,
    fixed boolean,
    internal boolean
);


ALTER TABLE public.roles OWNER TO qvd;

--
-- Name: operative_acls_in_roles_basic; Type: VIEW; Schema: public; Owner: qvd
--

CREATE VIEW operative_acls_in_roles_basic AS
 SELECT DISTINCT a.id AS acl_id,
    r.id AS role_id,
        CASE
            WHEN (j.inheritor_id IS NOT NULL) THEN true
            ELSE false
        END AS operative
   FROM ((acls a
     CROSS JOIN roles r)
     LEFT JOIN all_acl_role_relations j ON (((j.acl_id = a.id) AND (j.inheritor_id = r.id))));


ALTER TABLE public.operative_acls_in_roles_basic OWNER TO qvd;

--
-- Name: osf_properties; Type: TABLE; Schema: public; Owner: qvd; Tablespace: 
--

CREATE TABLE osf_properties (
    osf_id integer NOT NULL,
    key character varying(1024) NOT NULL,
    value character varying(32768) NOT NULL
);


ALTER TABLE public.osf_properties OWNER TO qvd;

--
-- Name: osfs; Type: TABLE; Schema: public; Owner: qvd; Tablespace: 
--

CREATE TABLE osfs (
    id integer NOT NULL,
    name character varying(64) NOT NULL,
    memory integer NOT NULL,
    use_overlay boolean NOT NULL,
    user_storage_size integer,
    tenant_id integer NOT NULL
);


ALTER TABLE public.osfs OWNER TO qvd;

--
-- Name: tenant_views_setups; Type: TABLE; Schema: public; Owner: qvd; Tablespace: 
--

CREATE TABLE tenant_views_setups (
    id integer NOT NULL,
    tenant_id integer NOT NULL,
    field character varying(64) NOT NULL,
    visible boolean NOT NULL,
    device_type device_types_enum NOT NULL,
    view_type view_types_enum NOT NULL,
    qvd_object qvd_objects_enum NOT NULL,
    property boolean NOT NULL
);


ALTER TABLE public.tenant_views_setups OWNER TO qvd;

--
-- Name: tenants; Type: TABLE; Schema: public; Owner: qvd; Tablespace: 
--

CREATE TABLE tenants (
    id integer NOT NULL,
    name character varying(64) NOT NULL,
    language language_options_enum DEFAULT 'default'::language_options_enum NOT NULL,
    block integer DEFAULT 10
);


ALTER TABLE public.tenants OWNER TO qvd;

--
-- Name: user_properties; Type: TABLE; Schema: public; Owner: qvd; Tablespace: 
--

CREATE TABLE user_properties (
    user_id integer NOT NULL,
    key character varying(1024) NOT NULL,
    value character varying(32768) NOT NULL
);


ALTER TABLE public.user_properties OWNER TO qvd;

--
-- Name: users; Type: TABLE; Schema: public; Owner: qvd; Tablespace: 
--

CREATE TABLE users (
    id integer NOT NULL,
    login character varying(64) NOT NULL,
    password character varying(64),
    blocked boolean NOT NULL,
    tenant_id integer NOT NULL
);


ALTER TABLE public.users OWNER TO qvd;

--
-- Name: vm_properties; Type: TABLE; Schema: public; Owner: qvd; Tablespace: 
--

CREATE TABLE vm_properties (
    vm_id integer NOT NULL,
    key character varying(1024) NOT NULL,
    value character varying(32768) NOT NULL
);


ALTER TABLE public.vm_properties OWNER TO qvd;

--
-- Name: vms; Type: TABLE; Schema: public; Owner: qvd; Tablespace: 
--

CREATE TABLE vms (
    id integer NOT NULL,
    name character varying(64) NOT NULL,
    user_id integer NOT NULL,
    osf_id integer NOT NULL,
    di_tag character varying(128) NOT NULL,
    ip character varying(15),
    storage character varying(4096)
);


ALTER TABLE public.vms OWNER TO qvd;

--
-- Name: operative_views_in_tenants; Type: VIEW; Schema: public; Owner: qvd
--

CREATE VIEW operative_views_in_tenants AS
 SELECT DISTINCT dt.dt AS device_type,
    vt.vt AS view_type,
    t.id AS tenant_id,
    p.key AS field,
        CASE
            WHEN (r.visible IS NULL) THEN false
            ELSE r.visible
        END AS visible,
    true AS property,
    'vm'::qvd_objects_enum AS qvd_object
   FROM ((((((unnest(enum_range(NULL::device_types_enum)) dt(dt)
     CROSS JOIN unnest(enum_range(NULL::view_types_enum)) vt(vt))
     CROSS JOIN ( SELECT tenants.id
           FROM tenants) t)
     CROSS JOIN ( SELECT vm_properties.key,
            vm_properties.vm_id
           FROM vm_properties) p)
     JOIN vms v ON ((p.vm_id = v.id)))
     JOIN users u ON (((u.id = v.user_id) AND ((u.tenant_id = t.id) OR (t.id = 0)))))
     LEFT JOIN tenant_views_setups r ON (((((((r.device_type = dt.dt) AND (r.view_type = vt.vt)) AND (r.tenant_id = t.id)) AND ((r.field)::text = (p.key)::text)) AND (r.property = true)) AND (r.qvd_object = 'vm'::qvd_objects_enum))))
UNION
 SELECT DISTINCT dt.dt AS device_type,
    vt.vt AS view_type,
    t.id AS tenant_id,
    p.key AS field,
        CASE
            WHEN (r.visible IS NULL) THEN false
            ELSE r.visible
        END AS visible,
    true AS property,
    'user'::qvd_objects_enum AS qvd_object
   FROM (((((unnest(enum_range(NULL::device_types_enum)) dt(dt)
     CROSS JOIN unnest(enum_range(NULL::view_types_enum)) vt(vt))
     CROSS JOIN ( SELECT tenants.id
           FROM tenants) t)
     CROSS JOIN ( SELECT user_properties.key,
            user_properties.user_id
           FROM user_properties) p)
     JOIN users u ON (((p.user_id = u.id) AND ((u.tenant_id = t.id) OR (t.id = 0)))))
     LEFT JOIN tenant_views_setups r ON (((((((r.device_type = dt.dt) AND (r.view_type = vt.vt)) AND (r.tenant_id = t.id)) AND ((r.field)::text = (p.key)::text)) AND (r.property = true)) AND (r.qvd_object = 'user'::qvd_objects_enum))))
UNION
 SELECT DISTINCT dt.dt AS device_type,
    vt.vt AS view_type,
    t.id AS tenant_id,
    p.key AS field,
        CASE
            WHEN (r.visible IS NULL) THEN false
            ELSE r.visible
        END AS visible,
    true AS property,
    'host'::qvd_objects_enum AS qvd_object
   FROM ((((unnest(enum_range(NULL::device_types_enum)) dt(dt)
     CROSS JOIN unnest(enum_range(NULL::view_types_enum)) vt(vt))
     CROSS JOIN ( SELECT tenants.id
           FROM tenants) t)
     CROSS JOIN ( SELECT host_properties.key
           FROM host_properties) p)
     LEFT JOIN tenant_views_setups r ON (((((((r.device_type = dt.dt) AND (r.view_type = vt.vt)) AND (r.tenant_id = t.id)) AND ((r.field)::text = (p.key)::text)) AND (r.property = true)) AND (r.qvd_object = 'host'::qvd_objects_enum))))
UNION
 SELECT DISTINCT dt.dt AS device_type,
    vt.vt AS view_type,
    t.id AS tenant_id,
    p.key AS field,
        CASE
            WHEN (r.visible IS NULL) THEN false
            ELSE r.visible
        END AS visible,
    true AS property,
    'osf'::qvd_objects_enum AS qvd_object
   FROM (((((unnest(enum_range(NULL::device_types_enum)) dt(dt)
     CROSS JOIN unnest(enum_range(NULL::view_types_enum)) vt(vt))
     CROSS JOIN ( SELECT tenants.id
           FROM tenants) t)
     CROSS JOIN ( SELECT osf_properties.key,
            osf_properties.osf_id
           FROM osf_properties) p)
     JOIN osfs o ON (((p.osf_id = o.id) AND ((o.tenant_id = t.id) OR (t.id = 0)))))
     LEFT JOIN tenant_views_setups r ON (((((((r.device_type = dt.dt) AND (r.view_type = vt.vt)) AND (r.tenant_id = t.id)) AND ((r.field)::text = (p.key)::text)) AND (r.property = true)) AND (r.qvd_object = 'osf'::qvd_objects_enum))))
UNION
 SELECT DISTINCT dt.dt AS device_type,
    vt.vt AS view_type,
    t.id AS tenant_id,
    p.key AS field,
        CASE
            WHEN (r.visible IS NULL) THEN false
            ELSE r.visible
        END AS visible,
    true AS property,
    'di'::qvd_objects_enum AS qvd_object
   FROM ((((((unnest(enum_range(NULL::device_types_enum)) dt(dt)
     CROSS JOIN unnest(enum_range(NULL::view_types_enum)) vt(vt))
     CROSS JOIN ( SELECT tenants.id
           FROM tenants) t)
     CROSS JOIN ( SELECT di_properties.key,
            di_properties.di_id
           FROM di_properties) p)
     JOIN dis d ON ((p.di_id = d.id)))
     JOIN osfs o ON (((o.id = d.osf_id) AND ((o.tenant_id = t.id) OR (t.id = 0)))))
     LEFT JOIN tenant_views_setups r ON (((((((r.device_type = dt.dt) AND (r.view_type = vt.vt)) AND (r.tenant_id = t.id)) AND ((r.field)::text = (p.key)::text)) AND (r.property = true)) AND (r.qvd_object = 'di'::qvd_objects_enum))))
UNION
 SELECT tenant_views_setups.device_type,
    tenant_views_setups.view_type,
    tenant_views_setups.tenant_id,
    tenant_views_setups.field,
    tenant_views_setups.visible,
    tenant_views_setups.property,
    tenant_views_setups.qvd_object
   FROM tenant_views_setups
  WHERE (tenant_views_setups.property = false);


ALTER TABLE public.operative_views_in_tenants OWNER TO qvd;

--
-- Name: osfs_id_seq; Type: SEQUENCE; Schema: public; Owner: qvd
--

CREATE SEQUENCE osfs_id_seq
    START WITH 1
    INCREMENT BY 1
    NO MINVALUE
    NO MAXVALUE
    CACHE 1;


ALTER TABLE public.osfs_id_seq OWNER TO qvd;

--
-- Name: osfs_id_seq; Type: SEQUENCE OWNED BY; Schema: public; Owner: qvd
--

ALTER SEQUENCE osfs_id_seq OWNED BY osfs.id;


--
-- Name: role_administrator_relations_id_seq; Type: SEQUENCE; Schema: public; Owner: qvd
--

CREATE SEQUENCE role_administrator_relations_id_seq
    START WITH 1
    INCREMENT BY 1
    NO MINVALUE
    NO MAXVALUE
    CACHE 1;


ALTER TABLE public.role_administrator_relations_id_seq OWNER TO qvd;

--
-- Name: role_administrator_relations_id_seq; Type: SEQUENCE OWNED BY; Schema: public; Owner: qvd
--

ALTER SEQUENCE role_administrator_relations_id_seq OWNED BY role_administrator_relations.id;


--
-- Name: role_role_relations_id_seq; Type: SEQUENCE; Schema: public; Owner: qvd
--

CREATE SEQUENCE role_role_relations_id_seq
    START WITH 1
    INCREMENT BY 1
    NO MINVALUE
    NO MAXVALUE
    CACHE 1;


ALTER TABLE public.role_role_relations_id_seq OWNER TO qvd;

--
-- Name: role_role_relations_id_seq; Type: SEQUENCE OWNED BY; Schema: public; Owner: qvd
--

ALTER SEQUENCE role_role_relations_id_seq OWNED BY role_role_relations.id;


--
-- Name: roles_id_seq; Type: SEQUENCE; Schema: public; Owner: qvd
--

CREATE SEQUENCE roles_id_seq
    START WITH 1
    INCREMENT BY 1
    NO MINVALUE
    NO MAXVALUE
    CACHE 1;


ALTER TABLE public.roles_id_seq OWNER TO qvd;

--
-- Name: roles_id_seq; Type: SEQUENCE OWNED BY; Schema: public; Owner: qvd
--

ALTER SEQUENCE roles_id_seq OWNED BY roles.id;


--
-- Name: session; Type: TABLE; Schema: public; Owner: qvd; Tablespace: 
--

CREATE TABLE session (
    sid character varying(40) NOT NULL,
    data text,
    expires integer NOT NULL
);


ALTER TABLE public.session OWNER TO qvd;

--
-- Name: ssl_configs; Type: TABLE; Schema: public; Owner: qvd; Tablespace: 
--

CREATE TABLE ssl_configs (
    key character varying(64) NOT NULL,
    value character varying(32768) NOT NULL
);


ALTER TABLE public.ssl_configs OWNER TO qvd;

--
-- Name: tenant_views_setups_id_seq; Type: SEQUENCE; Schema: public; Owner: qvd
--

CREATE SEQUENCE tenant_views_setups_id_seq
    START WITH 1
    INCREMENT BY 1
    NO MINVALUE
    NO MAXVALUE
    CACHE 1;


ALTER TABLE public.tenant_views_setups_id_seq OWNER TO qvd;

--
-- Name: tenant_views_setups_id_seq; Type: SEQUENCE OWNED BY; Schema: public; Owner: qvd
--

ALTER SEQUENCE tenant_views_setups_id_seq OWNED BY tenant_views_setups.id;


--
-- Name: tenants_id_seq; Type: SEQUENCE; Schema: public; Owner: qvd
--

CREATE SEQUENCE tenants_id_seq
    START WITH 1
    INCREMENT BY 1
    NO MINVALUE
    NO MAXVALUE
    CACHE 1;


ALTER TABLE public.tenants_id_seq OWNER TO qvd;

--
-- Name: tenants_id_seq; Type: SEQUENCE OWNED BY; Schema: public; Owner: qvd
--

ALTER SEQUENCE tenants_id_seq OWNED BY tenants.id;


--
-- Name: user_cmds; Type: TABLE; Schema: public; Owner: qvd; Tablespace: 
--

CREATE TABLE user_cmds (
    name character varying(20) NOT NULL
);


ALTER TABLE public.user_cmds OWNER TO qvd;

--
-- Name: user_states; Type: TABLE; Schema: public; Owner: qvd; Tablespace: 
--

CREATE TABLE user_states (
    name character varying(20) NOT NULL
);


ALTER TABLE public.user_states OWNER TO qvd;

--
-- Name: users_id_seq; Type: SEQUENCE; Schema: public; Owner: qvd
--

CREATE SEQUENCE users_id_seq
    START WITH 1
    INCREMENT BY 1
    NO MINVALUE
    NO MAXVALUE
    CACHE 1;


ALTER TABLE public.users_id_seq OWNER TO qvd;

--
-- Name: users_id_seq; Type: SEQUENCE OWNED BY; Schema: public; Owner: qvd
--

ALTER SEQUENCE users_id_seq OWNED BY users.id;


--
-- Name: versions; Type: TABLE; Schema: public; Owner: qvd; Tablespace: 
--

CREATE TABLE versions (
    component character varying(100) NOT NULL,
    version character varying(100) NOT NULL
);


ALTER TABLE public.versions OWNER TO qvd;

--
-- Name: vm_cmds; Type: TABLE; Schema: public; Owner: qvd; Tablespace: 
--

CREATE TABLE vm_cmds (
    name character varying(20) NOT NULL
);


ALTER TABLE public.vm_cmds OWNER TO qvd;

--
-- Name: vm_counters; Type: TABLE; Schema: public; Owner: qvd; Tablespace: 
--

CREATE TABLE vm_counters (
    vm_id integer DEFAULT 0 NOT NULL,
    run_attempts integer DEFAULT 0 NOT NULL,
    run_ok integer DEFAULT 0 NOT NULL
);


ALTER TABLE public.vm_counters OWNER TO qvd;

--
-- Name: vm_runtimes; Type: TABLE; Schema: public; Owner: qvd; Tablespace: 
--

CREATE TABLE vm_runtimes (
    vm_id integer NOT NULL,
    host_id integer,
    current_osf_id integer,
    current_di_id integer,
    user_ip character varying(15),
    real_user_id integer,
    vm_state character varying(12) NOT NULL,
    vm_state_ts integer,
    vm_cmd character varying(12),
    vm_pid integer,
    user_state character varying(12) NOT NULL,
    user_state_ts integer,
    user_cmd character varying(12),
    vma_ok_ts integer,
    l7r_host integer,
    l7r_pid integer,
    vm_address character varying(127),
    vm_vma_port integer,
    vm_x_port integer,
    vm_ssh_port integer,
    vm_vnc_port integer,
    vm_mon_port integer,
    vm_serial_port integer,
    blocked boolean,
    vm_expiration_soft timestamp without time zone,
    vm_expiration_hard timestamp without time zone,
    l7r_host_id integer,
    CONSTRAINT vm_runtimes_consisten_expiration_dates CHECK ((vm_expiration_hard >= vm_expiration_soft))
);


ALTER TABLE public.vm_runtimes OWNER TO qvd;

--
-- Name: vm_states; Type: TABLE; Schema: public; Owner: qvd; Tablespace: 
--

CREATE TABLE vm_states (
    name character varying(12) NOT NULL
);


ALTER TABLE public.vm_states OWNER TO qvd;

--
-- Name: vms_id_seq; Type: SEQUENCE; Schema: public; Owner: qvd
--

CREATE SEQUENCE vms_id_seq
    START WITH 1
    INCREMENT BY 1
    NO MINVALUE
    NO MAXVALUE
    CACHE 1;


ALTER TABLE public.vms_id_seq OWNER TO qvd;

--
-- Name: vms_id_seq; Type: SEQUENCE OWNED BY; Schema: public; Owner: qvd
--

ALTER SEQUENCE vms_id_seq OWNED BY vms.id;


--
-- Name: id; Type: DEFAULT; Schema: public; Owner: qvd
--

ALTER TABLE ONLY acl_role_relations ALTER COLUMN id SET DEFAULT nextval('acl_role_relations_id_seq'::regclass);


--
-- Name: id; Type: DEFAULT; Schema: public; Owner: qvd
--

ALTER TABLE ONLY acls ALTER COLUMN id SET DEFAULT nextval('acls_id_seq'::regclass);


--
-- Name: id; Type: DEFAULT; Schema: public; Owner: qvd
--

ALTER TABLE ONLY administrator_views_setups ALTER COLUMN id SET DEFAULT nextval('administrator_views_setups_id_seq'::regclass);


--
-- Name: id; Type: DEFAULT; Schema: public; Owner: qvd
--

ALTER TABLE ONLY administrators ALTER COLUMN id SET DEFAULT nextval('administrators_id_seq'::regclass);


--
-- Name: id; Type: DEFAULT; Schema: public; Owner: qvd
--

ALTER TABLE ONLY di_tags ALTER COLUMN id SET DEFAULT nextval('di_tags_id_seq'::regclass);


--
-- Name: id; Type: DEFAULT; Schema: public; Owner: qvd
--

ALTER TABLE ONLY dis ALTER COLUMN id SET DEFAULT nextval('dis_id_seq'::regclass);


--
-- Name: id; Type: DEFAULT; Schema: public; Owner: qvd
--

ALTER TABLE ONLY hosts ALTER COLUMN id SET DEFAULT nextval('hosts_id_seq'::regclass);


--
-- Name: id; Type: DEFAULT; Schema: public; Owner: qvd
--

ALTER TABLE ONLY osfs ALTER COLUMN id SET DEFAULT nextval('osfs_id_seq'::regclass);


--
-- Name: id; Type: DEFAULT; Schema: public; Owner: qvd
--

ALTER TABLE ONLY role_administrator_relations ALTER COLUMN id SET DEFAULT nextval('role_administrator_relations_id_seq'::regclass);


--
-- Name: id; Type: DEFAULT; Schema: public; Owner: qvd
--

ALTER TABLE ONLY role_role_relations ALTER COLUMN id SET DEFAULT nextval('role_role_relations_id_seq'::regclass);


--
-- Name: id; Type: DEFAULT; Schema: public; Owner: qvd
--

ALTER TABLE ONLY roles ALTER COLUMN id SET DEFAULT nextval('roles_id_seq'::regclass);


--
-- Name: id; Type: DEFAULT; Schema: public; Owner: qvd
--

ALTER TABLE ONLY tenant_views_setups ALTER COLUMN id SET DEFAULT nextval('tenant_views_setups_id_seq'::regclass);


--
-- Name: id; Type: DEFAULT; Schema: public; Owner: qvd
--

ALTER TABLE ONLY tenants ALTER COLUMN id SET DEFAULT nextval('tenants_id_seq'::regclass);


--
-- Name: id; Type: DEFAULT; Schema: public; Owner: qvd
--

ALTER TABLE ONLY users ALTER COLUMN id SET DEFAULT nextval('users_id_seq'::regclass);


--
-- Name: id; Type: DEFAULT; Schema: public; Owner: qvd
--

ALTER TABLE ONLY vms ALTER COLUMN id SET DEFAULT nextval('vms_id_seq'::regclass);


--
-- Data for Name: acl_role_relations; Type: TABLE DATA; Schema: public; Owner: qvd
--

COPY acl_role_relations (id, acl_id, role_id, positive) FROM stdin;
720	98	25	t
721	97	26	t
732	95	30	t
733	104	30	t
734	100	31	t
735	103	31	t
736	102	31	t
752	241	37	t
753	44	37	t
754	46	37	t
755	126	37	t
756	91	37	t
757	137	37	t
758	45	37	t
801	3	40	t
802	231	40	t
803	4	40	t
804	51	40	t
805	90	40	t
806	52	40	t
807	53	40	t
808	127	40	t
809	54	40	t
822	10	41	t
823	11	41	t
824	12	41	t
825	13	41	t
826	14	41	t
827	15	41	t
828	73	41	t
829	74	41	t
722	93	27	t
723	94	28	t
724	110	28	t
725	233	28	t
726	109	28	t
739	146	33	t
745	242	36	t
746	47	36	t
747	48	36	t
748	132	36	t
749	49	36	t
750	50	36	t
751	142	36	t
759	1	38	t
760	2	38	t
761	232	38	t
762	17	38	t
763	18	38	t
764	19	38	t
765	20	38	t
766	136	38	t
767	21	38	t
768	22	38	t
769	139	38	t
770	23	38	t
791	141	39	t
792	61	39	t
793	64	39	t
794	65	39	t
795	66	39	t
796	131	39	t
797	35	39	t
798	36	39	t
799	63	39	t
800	158	39	t
810	140	40	t
811	55	40	t
812	57	40	t
813	128	40	t
814	32	40	t
815	33	40	t
816	31	40	t
817	56	40	t
818	157	40	t
819	153	40	t
820	151	40	t
821	156	40	t
831	135	41	t
832	76	41	t
833	83	41	t
834	77	41	t
835	92	41	t
836	78	41	t
837	79	41	t
838	80	41	t
839	147	41	t
840	81	41	t
841	82	41	t
842	84	41	t
853	8	42	t
854	9	42	t
855	67	42	t
856	68	42	t
857	69	42	t
858	133	42	t
859	70	42	t
860	145	42	t
861	71	42	t
862	134	42	t
863	29	42	t
864	30	42	t
865	28	42	t
866	72	42	t
867	155	42	t
868	154	42	t
869	179	44	t
870	161	45	t
871	207	46	t
872	167	46	t
873	206	46	t
874	205	46	t
876	166	46	t
877	165	46	t
878	164	46	t
879	178	47	t
880	177	47	t
881	176	47	t
882	175	47	t
883	174	47	t
884	173	47	t
885	215	47	t
886	214	47	t
887	213	47	t
888	212	47	t
889	211	47	t
898	195	49	t
899	194	49	t
900	193	49	t
901	192	49	t
902	226	49	t
903	225	49	t
904	224	49	t
727	108	28	t
742	144	35	t
743	143	35	t
771	24	38	t
772	25	38	t
773	26	38	t
774	16	38	t
775	42	38	t
776	43	38	t
777	41	38	t
778	160	38	t
779	159	38	t
830	75	41	t
890	200	48	t
891	201	48	t
892	171	48	t
905	223	49	t
906	221	49	t
907	191	49	t
908	189	49	t
909	184	50	t
910	183	50	t
911	182	50	t
912	181	50	t
913	219	50	t
914	218	50	t
915	217	50	t
916	122	51	t
917	240	51	t
922	112	54	t
923	118	54	t
924	114	55	t
925	120	55	t
936	199	62	t
937	198	62	t
946	172	66	t
947	234	66	t
948	209	66	t
949	169	66	t
952	220	67	t
953	188	67	t
954	190	67	t
955	222	67	t
966	87	97	f
974	74	97	f
975	75	97	f
977	78	97	f
988	76	97	f
989	18	97	f
990	19	97	f
991	58	97	f
992	59	97	f
995	212	97	f
996	213	97	f
997	214	97	f
998	175	97	f
999	176	97	f
1000	177	97	f
1009	38	97	f
1010	244	97	f
1011	40	97	f
1012	37	97	f
1015	247	39	t
1017	248	42	t
1021	247	97	f
1023	35	97	f
728	96	29	t
729	106	29	t
730	105	29	t
731	107	29	t
737	99	32	t
738	101	32	t
744	243	35	t
780	5	39	t
781	6	39	t
782	230	39	t
783	7	39	t
784	58	39	t
785	59	39	t
786	130	39	t
787	129	39	t
788	38	39	t
789	62	39	t
790	60	39	t
843	85	41	t
844	86	41	t
845	87	41	t
846	88	41	t
847	89	41	t
848	27	41	t
849	152	41	t
850	150	41	t
851	148	41	t
852	149	41	t
875	204	46	t
893	170	48	t
894	228	48	t
895	229	48	t
896	210	48	t
897	168	48	t
918	115	52	t
919	121	52	t
920	111	53	t
921	125	53	t
926	113	56	t
927	119	56	t
928	117	57	t
929	124	57	t
930	116	58	t
931	123	58	t
932	185	59	t
933	186	59	t
934	187	59	t
938	197	63	t
939	203	64	t
940	202	64	t
941	163	64	t
942	34	65	t
945	39	65	t
950	196	67	t
951	227	67	t
956	216	68	t
957	180	68	t
958	40	39	t
959	37	39	t
967	224	97	f
968	225	97	f
969	226	97	f
970	193	97	f
971	194	97	f
972	195	97	f
973	188	97	t
976	81	97	f
978	92	97	t
979	14	97	t
981	84	97	f
982	85	97	f
983	86	97	f
984	88	97	t
985	192	97	f
986	15	97	f
987	89	97	f
994	65	97	f
1001	24	97	f
1003	39	97	t
1004	25	97	t
1008	244	39	t
1014	131	97	t
1016	246	40	t
1018	245	38	t
1022	36	97	f
1024	249	41	t
1032	251	42	t
1033	252	40	t
1034	250	41	t
1035	253	38	t
1036	254	40	t
1037	257	43	t
1038	258	43	t
1039	256	35	t
1040	255	35	t
1041	134	1	t
1042	257	1	t
1043	258	1	t
1044	162	78	t
1045	259	105	t
1046	98	104	f
1047	240	104	f
1048	122	104	f
1049	243	104	f
1050	255	104	f
1051	144	104	f
1052	256	104	f
1053	143	104	f
1054	257	104	f
1055	258	104	f
1058	259	106	t
1059	162	106	f
1060	260	35	t
1061	261	43	t
\.


--
-- Name: acl_role_relations_id_seq; Type: SEQUENCE SET; Schema: public; Owner: qvd
--

SELECT pg_catalog.setval('acl_role_relations_id_seq', 1061, true);


--
-- Data for Name: acls; Type: TABLE DATA; Schema: public; Owner: qvd
--

COPY acls (id, name) FROM stdin;
1	di.filter.disk-image
2	di.filter.osf
3	host.filter.name
4	host.filter.vm
5	osf.filter.di
6	osf.filter.name
7	osf.filter.vm
8	user.filter.name
9	user.filter.properties
10	vm.filter.host
11	vm.filter.name
12	vm.filter.osf
13	vm.filter.properties
14	vm.filter.state
15	vm.filter.user
16	di.see.vm-list
17	di.see.block
18	di.see.created-by
19	di.see.creation-date
20	di.see.default
21	di.see.head
22	di.see.id
23	di.see.osf
24	di.see.properties
25	di.see.tags
26	di.see.version
27	vm.see.user-state
28	user.see.vm-list-state
29	user.see.vm-list-block
30	user.see.vm-list-expiration
31	host.see.vm-list-state
32	host.see.vm-list-block
33	host.see.vm-list-expiration
34	osf.see.vm-list-state
35	osf.see.vm-list-block
36	osf.see.vm-list-expiration
41	di.see.vm-list-state
42	di.see.vm-list-block
43	di.see.vm-list-expiration
47	role.see.acl-list
48	role.see.acl-list-roles
49	role.see.id
50	role.see.inherited-roles
51	host.see.address
52	host.see.created-by
53	host.see.creation-date
54	host.see.id
55	host.see.properties
56	host.see.vms-info
57	host.see.state
58	osf.see.created-by
59	osf.see.creation-date
60	osf.see.id
61	osf.see.memory
62	osf.see.dis-info
63	osf.see.vms-info
64	osf.see.overlay
65	osf.see.properties
66	osf.see.user-storage
67	user.see.block
68	user.see.created-by
69	user.see.creation-date
70	user.see.id
71	user.see.properties
72	user.see.vms-info
73	vm.see.block
74	vm.see.created-by
75	vm.see.creation-date
76	vm.see.di
77	vm.see.di-version
78	vm.see.host
79	vm.see.id
80	vm.see.ip
81	vm.see.next-boot-ip
82	vm.see.osf
83	vm.see.di-tag
84	vm.see.port-serial
85	vm.see.port-ssh
86	vm.see.port-vnc
87	vm.see.properties
88	vm.see.state
89	vm.see.user
90	host.see.block
92	vm.see.expiration
94	di.create.
95	host.create.
96	osf.create.
97	role.create.
98	tenant.create.
99	user.create.
100	vm.create.
101	user.create.properties
102	vm.create.properties
103	vm.create.di-tag
104	host.create.properties
105	osf.create.properties
106	osf.create.memory
107	osf.create.user-storage
108	di.create.version
109	di.create.tags
110	di.create.default
112	di.delete.
113	host.delete.
114	osf.delete.
115	role.delete.
116	user.delete.
117	vm.delete.
118	di.delete-massive.
119	host.delete-massive.
120	osf.delete-massive.
121	role.delete-massive.
122	tenant.delete-massive.
123	user.delete-massive.
124	vm.delete-massive.
127	host.see-details.
128	host.see.vm-list
129	osf.see.di-list
130	osf.see-details.
131	osf.see.vm-list
132	role.see-details.
133	user.see-details.
134	user.see.vm-list
135	vm.see-details.
136	di.see-details.
139	di.see-main.
140	host.see-main.
141	osf.see-main.
142	role.see-main.
143	tenant.see-main.
144	tenant.see.id
145	user.see-main.
146	views.see-main.
147	vm.see-main.
148	vm.stats.running-vms
149	vm.stats.summary
150	vm.stats.close-to-expire
151	host.stats.top-hosts-most-vms
152	vm.stats.blocked
40	osf.see.di-list-head
44	administrator.see.acl-list
38	osf.see.di-list-default
45	administrator.see.roles
46	administrator.see.acl-list-roles
91	administrator.see.id
93	administrator.create.
111	administrator.delete.
125	administrator.delete-massive.
126	administrator.see-details.
153	host.stats.running-hosts
154	user.stats.summary
155	user.stats.blocked
156	host.stats.summary
157	host.stats.blocked
158	osf.stats.summary
159	di.stats.summary
160	di.stats.blocked
163	di.update.block
164	di.update.properties-create
165	di.update.properties-delete
166	di.update.properties-update
167	di.update.tags
168	host.update.address
169	host.update.block
170	host.update.name
171	host.update.properties-create
172	host.update.stop-vms
173	osf.update.memory
174	osf.update.name
175	osf.update.properties-create
176	osf.update.properties-delete
177	osf.update.properties-update
178	osf.update.user-storage
179	role.update.name
180	user.update.block
181	user.update.password
182	user.update.properties-create
183	user.update.properties-delete
184	user.update.properties-update
185	views.update.columns
186	views.update.filters-desktop
187	views.update.filters-mobile
188	vm.update.block
189	vm.update.di-tag
190	vm.update.disconnect-user
191	vm.update.expiration
192	vm.update.name
193	vm.update.properties-create
194	vm.update.properties-delete
195	vm.update.properties-update
196	vm.update.state
198	role.update.assign-acl
199	role.update.assign-role
200	host.update.properties-update
201	host.update.properties-delete
202	di.update.default
203	di.update-massive.block
204	di.update-massive.properties-create
205	di.update-massive.properties-delete
206	di.update-massive.properties-update
207	di.update-massive.tags
209	host.update-massive.block
210	host.update-massive.properties-create
211	osf.update-massive.memory
212	osf.update-massive.properties-create
213	osf.update-massive.properties-delete
214	osf.update-massive.properties-update
215	osf.update-massive.user-storage
216	user.update-massive.block
217	user.update-massive.properties-create
218	user.update-massive.properties-delete
219	user.update-massive.properties-update
220	vm.update-massive.block
221	vm.update-massive.di-tag
222	vm.update-massive.disconnect-user
223	vm.update-massive.expiration
224	vm.update-massive.properties-create
225	vm.update-massive.properties-delete
226	vm.update-massive.properties-update
227	vm.update-massive.state
228	host.update-massive.properties-update
229	host.update-massive.properties-delete
230	osf.filter.properties
231	host.filter.properties
232	di.filter.properties
233	di.create.properties
234	host.update-massive.stop-vms
240	tenant.delete.
37	osf.see.di-list-tags
39	osf.see.di-list-default-update
137	administrator.see-main.
161	administrator.update.password
197	administrator.update.assign-role
241	administrator.filter.name
242	role.filter.name
243	tenant.filter.name
244	osf.see.di-list-block
245	di.see.vm-list-user-state
246	host.see.vm-list-user-state
247	osf.see.vm-list-user-state
248	user.see.vm-list-user-state
249	vm.see.mac
250	vm.filter.block
251	user.filter.block
252	host.filter.block
253	di.filter.block
254	host.filter.state
256	tenant.see.language
257	tenant.update.language
258	tenant.update.name
255	tenant.see-details.
259	config.wat.
162	config.qvd.
260	tenant.see.block
261	tenant.update.block
\.


--
-- Name: acls_id_seq; Type: SEQUENCE SET; Schema: public; Owner: qvd
--

SELECT pg_catalog.setval('acls_id_seq', 1, false);


--
-- Data for Name: administrator_views_setups; Type: TABLE DATA; Schema: public; Owner: qvd
--

COPY administrator_views_setups (id, administrator_id, field, visible, device_type, view_type, property, qvd_object) FROM stdin;
55	1	host	f	desktop	filter	f	vm
56	1	host	t	mobile	filter	f	vm
\.


--
-- Name: administrator_views_setups_id_seq; Type: SEQUENCE SET; Schema: public; Owner: qvd
--

SELECT pg_catalog.setval('administrator_views_setups_id_seq', 56, true);


--
-- Data for Name: administrators; Type: TABLE DATA; Schema: public; Owner: qvd
--

COPY administrators (id, name, password, tenant_id, language, block) FROM stdin;
11	manolo_op	manolo	1	auto	0
12	gabriel_root	gabriel	7	auto	0
13	gemma_op	gemma	7	auto	0
14	super_root	root	0	auto	0
15	super_operator	operator	0	auto	0
16	super_qvd	qvd	0	auto	0
17	super_vm	vm	0	auto	0
18	truman	truman	1	auto	0
19	bigbro	bigbro	0	auto	0
10	maria_root	maria_root	1	auto	0
20	test	test	0	auto	0
0	batman	to the rescue	0	auto	0
3	ana	ana	1	es	0
31	admin	admin	1	auto	0
1	superadmin	superadmin	0	en	0
\.


--
-- Name: administrators_id_seq; Type: SEQUENCE SET; Schema: public; Owner: qvd
--

SELECT pg_catalog.setval('administrators_id_seq', 32, true);


--
-- Data for Name: configs; Type: TABLE DATA; Schema: public; Owner: qvd
--

COPY configs (key, value) FROM stdin;
vm.network.netmask	24
vm.network.gateway	10.3.15.1
vm.network.bridge	qvdnet0
vm.hypervisor	lxc
vm.lxc.unionfs.bind.ro	0
vm.lxc.unionfs.type	unionfs-fuse
log.devel	DEBUG
client.use_ssl	1
client.ssl.use_cert	1
vm.network.ip.start	10.3.15.50
command.unionfs-fuse	/bin/unionfs
l7r.use_ssl	1
log.level	ALL
admin.ssh.opt.StrictHostKeyChecking	no
wat.multitenant	1
\.


--
-- Data for Name: di_properties; Type: TABLE DATA; Schema: public; Owner: qvd
--

COPY di_properties (di_id, key, value) FROM stdin;
\.


--
-- Data for Name: di_tags; Type: TABLE DATA; Schema: public; Owner: qvd
--

COPY di_tags (id, di_id, tag, fixed) FROM stdin;
79	14	2014-11-04-000	t
82	15	2014-11-04-001	t
84	16	2014-11-04-000	t
86	16	default	f
87	17	2014-11-04-001	t
89	18	2014-11-04-000	t
92	19	2014-11-04-001	t
94	20	2014-11-04-000	t
96	20	default	f
97	21	2014-11-04-001	t
99	14	v12	f
100	16	v12	f
101	15	v14	f
102	17	v14	f
103	19	v14	f
104	21	v14	f
105	18	v12	f
106	20	v12	f
1122	16	head	f
1376	21	head	f
1520	4	default	f
1521	4	Real Ubuntu	t
1984	268	galiDI	t
1985	268	head	f
2196	18	default	f
1625	238	2014-12-09-000	t
1626	238	head	f
1627	238	default	f
1918	4	head	f
\.


--
-- Name: di_tags_id_seq; Type: SEQUENCE SET; Schema: public; Owner: qvd
--

SELECT pg_catalog.setval('di_tags_id_seq', 2235, true);


--
-- Data for Name: dis; Type: TABLE DATA; Schema: public; Owner: qvd
--

COPY dis (id, osf_id, path, blocked, version) FROM stdin;
15	14	mUbuntu-14.tgz	f	2014-11-04-001
17	15	mSLES-14.tgz	f	2014-11-04-001
18	16	gUbuntu-12.tgz	f	2014-11-04-000
19	16	gUbuntu-14.tgz	f	2014-11-04-001
20	17	gSLES-12.tgz	f	2014-11-04-000
21	17	gSLES-14.tgz	f	2014-11-04-001
16	15	mSLES-12.tgz	f	2014-11-04-000
14	14	mUbuntu-12.tgz	t	2014-11-04-000
4	14	4-ubuntu-13.04-i386-qvd.tar.gz	f	Real Ubuntu
268	16	268-ubuntu-13.04-i386-qvd.tar.gz	f	galiDI
238	164	238-ubuntu-13.04-i386-qvd.tar.gz	f	2014-12-09-000
\.


--
-- Name: dis_id_seq; Type: SEQUENCE SET; Schema: public; Owner: qvd
--

SELECT pg_catalog.setval('dis_id_seq', 287, true);


--
-- Data for Name: host_cmds; Type: TABLE DATA; Schema: public; Owner: qvd
--

COPY host_cmds (name) FROM stdin;
stop
\.


--
-- Data for Name: host_counters; Type: TABLE DATA; Schema: public; Owner: qvd
--

COPY host_counters (host_id, http_requests, auth_attempts, auth_ok, nx_attempts, nx_ok, short_sessions) FROM stdin;
3	0	0	0	0	0	0
4	0	0	0	0	0	0
1	23	12	11	7	7	4
\.


--
-- Data for Name: host_properties; Type: TABLE DATA; Schema: public; Owner: qvd
--

COPY host_properties (host_id, key, value) FROM stdin;
\.


--
-- Data for Name: host_runtimes; Type: TABLE DATA; Schema: public; Owner: qvd
--

COPY host_runtimes (host_id, pid, ok_ts, usable_ram, usable_cpu, state, blocked, cmd) FROM stdin;
4	\N	\N	\N	\N	stopped	f	\N
3	\N	\N	\N	\N	stopped	f	\N
1	887	2015-01-08 11:39:03.227873	2050.1	3989.992	running	f	\N
\.


--
-- Data for Name: host_states; Type: TABLE DATA; Schema: public; Owner: qvd
--

COPY host_states (name) FROM stdin;
stopped
starting
running
stopping
lost
\.


--
-- Data for Name: hosts; Type: TABLE DATA; Schema: public; Owner: qvd
--

COPY hosts (id, name, address, frontend, backend) FROM stdin;
3	Host 2	2.2.2.2	t	t
4	Host 3	3.3.3.3	t	t
1	QVD4	10.3.15.1	t	t
\.


--
-- Name: hosts_id_seq; Type: SEQUENCE SET; Schema: public; Owner: qvd
--

SELECT pg_catalog.setval('hosts_id_seq', 176, true);


--
-- Data for Name: osf_properties; Type: TABLE DATA; Schema: public; Owner: qvd
--

COPY osf_properties (osf_id, key, value) FROM stdin;
\.


--
-- Data for Name: osfs; Type: TABLE DATA; Schema: public; Owner: qvd
--

COPY osfs (id, name, memory, use_overlay, user_storage_size, tenant_id) FROM stdin;
15	mSLES	512	t	1024	1
16	gUbuntu	256	t	0	7
17	gSLES	256	t	0	7
14	mUbuntu	85	t	81	1
164	Developers	256	t	0	1
\.


--
-- Name: osfs_id_seq; Type: SEQUENCE SET; Schema: public; Owner: qvd
--

SELECT pg_catalog.setval('osfs_id_seq', 213, true);


--
-- Data for Name: role_administrator_relations; Type: TABLE DATA; Schema: public; Owner: qvd
--

COPY role_administrator_relations (id, role_id, administrator_id) FROM stdin;
1	1	1
19	97	18
37	1	14
38	101	15
39	100	16
40	102	17
41	99	10
42	101	11
43	99	12
44	101	13
45	97	20
46	1	20
48	106	3
50	1	31
\.


--
-- Name: role_administrator_relations_id_seq; Type: SEQUENCE SET; Schema: public; Owner: qvd
--

SELECT pg_catalog.setval('role_administrator_relations_id_seq', 50, true);


--
-- Data for Name: role_role_relations; Type: TABLE DATA; Schema: public; Owner: qvd
--

COPY role_role_relations (id, inheritor_id, inherited_id) FROM stdin;
30	69	35
31	69	61
32	70	36
33	70	62
34	71	37
35	71	63
36	72	38
37	72	64
38	73	39
39	73	65
40	74	40
41	74	66
42	75	41
43	75	67
44	76	42
45	76	68
46	77	33
47	77	59
50	79	69
51	79	25
52	79	43
53	79	51
54	80	70
55	80	26
56	80	44
57	80	52
58	81	71
59	81	27
60	81	45
61	81	53
62	82	72
63	82	28
64	82	46
65	82	54
66	83	73
67	83	29
68	83	47
69	83	55
70	84	74
71	84	30
72	84	48
73	84	56
74	85	75
75	85	31
76	85	49
77	85	57
78	86	76
79	86	32
80	86	50
81	86	58
82	87	32
83	87	31
84	87	29
85	87	28
86	88	42
87	88	41
88	88	39
89	88	38
90	89	50
91	89	49
92	89	47
93	89	46
94	90	58
95	90	57
96	90	55
97	90	54
98	91	68
100	91	67
101	91	65
102	91	64
103	92	76
104	92	75
105	92	73
106	92	72
107	93	86
108	93	85
109	93	83
110	93	82
111	93	78
112	94	81
113	94	80
115	94	77
116	95	94
117	95	93
118	96	95
119	96	84
120	96	79
122	97	49
123	97	39
124	97	47
125	97	75
126	97	72
127	1	96
128	99	95
129	100	93
130	100	84
131	101	92
132	102	86
133	102	85
136	103	85
137	103	82
138	103	80
139	103	77
140	103	89
141	103	91
143	103	63
144	103	45
145	103	61
146	103	43
148	104	1
152	94	105
153	106	79
154	106	81
155	106	80
156	106	78
157	106	105
158	107	36
160	108	36
162	108	107
\.


--
-- Name: role_role_relations_id_seq; Type: SEQUENCE SET; Schema: public; Owner: qvd
--

SELECT pg_catalog.setval('role_role_relations_id_seq', 163, true);


--
-- Data for Name: roles; Type: TABLE DATA; Schema: public; Owner: qvd
--

COPY roles (id, name, fixed, internal) FROM stdin;
97	Operator L1	f	f
25	Tenants Creator	t	t
26	Roles Creator	t	t
27	Administrators Creator	t	t
28	Images Creator	t	t
29	OSFs Creator	t	t
30	Nodes Creator	t	t
31	VMs Creator	t	t
32	Users Creator	t	t
33	Views Reader	t	t
35	Tenants Reader	t	t
36	Roles Reader	t	t
37	Administrators Reader	t	t
38	Images Reader	t	t
39	OSFs Reader	t	t
40	Nodes Reader	t	t
41	VMs Reader	t	t
42	Users Reader	t	t
43	Tenants Updater	t	t
44	Roles Updater	t	t
45	Administrators Updater	t	t
46	Images Updater	t	t
47	OSFs Updater	t	t
48	Nodes Updater	t	t
49	VMs Updater	t	t
50	Users Updater	t	t
51	Tenants Eraser	t	t
52	Roles Eraser	t	t
53	Administrators Eraser	t	t
54	Images Eraser	t	t
55	OSFs Eraser	t	t
56	Nodes Eraser	t	t
57	VMs Eraser	t	t
100	Root QVD	f	f
103	Operator L2	f	f
58	Users Eraser	t	t
59	Views Performer	t	t
61	Tenants Performer	t	t
62	Roles Performer	t	t
63	Administrators Performer	t	t
64	Images Performer	t	t
65	OSFs Performer	t	t
66	Nodes Performer	t	t
67	VMs Performer	t	t
68	Users Performer	t	t
69	Tenants Operator	t	t
70	Roles Operator	t	t
71	Administrators Operator	t	t
72	Images Operator	t	t
73	OSFs Operator	t	t
74	Nodes Operator	t	t
75	VMs Operator	t	t
76	Users Operator	t	t
77	Views Manager	t	t
79	Tenants Manager	t	t
80	Roles Manager	t	t
81	Administrators Manager	t	t
82	Images Manager	t	t
83	OSFs Manager	t	t
84	Nodes Manager	t	t
85	VMs Manager	t	t
86	Users Manager	t	t
87	QVD Creator	t	t
88	QVD Reader	t	t
89	QVD Updater	t	t
90	QVD Eraser	t	t
91	QVD Performer	t	t
92	QVD Operator	t	t
93	QVD Manager	t	t
94	WAT Manager	t	t
95	Master	t	t
96	Total Master	t	t
101	Operator QVD	f	f
102	Root VMs	f	f
99	Root Tenant	f	f
1	Root	t	f
104	test	f	f
78	QVD Configuration Manager	t	t
105	WAT Configuration Manager	t	t
106	ninja	f	f
107	theinsider	f	f
108	theinsiderito	f	f
\.


--
-- Name: roles_id_seq; Type: SEQUENCE SET; Schema: public; Owner: qvd
--

SELECT pg_catalog.setval('roles_id_seq', 108, true);


--
-- Data for Name: session; Type: TABLE DATA; Schema: public; Owner: qvd
--

COPY session (sid, data, expires) FROM stdin;
4033f5f4c721c31e9797489cf54fc73d6fbc6212	BQgDAAAAAQiBAAAACGFkbWluX2lk\n	1414506591
a139cd4f149896cdb4ab14baa26594826132b014	BQgDAAAAAQiBAAAACGFkbWluX2lk\n	1414506631
92d863b7b3de3668c1227e2dc7a93ef97b6e0ffb	BQgDAAAAAQiBAAAACGFkbWluX2lk\n	1414506665
d8f59702356dd375e89997f3910b1e748e09520b	BQgDAAAAAQiBAAAACGFkbWluX2lk\n	1414506697
94213163b1a8ebcc372a5750a1bc8c5ff72b93bb	BQgDAAAAAQiBAAAACGFkbWluX2lk\n	1414506707
e3f6e506bb51563824ead2d4514ca6476199ad5e	BQgDAAAAAQiBAAAACGFkbWluX2lk\n	1414506834
af079dd56b2c6ef0906b5dd5fc271332b467007d	BQgDAAAAAQiBAAAACGFkbWluX2lk\n	1414506964
34b4858f6ca41a37f4ca40c2ba6a02614bbbc0e9	BQgDAAAAAQiBAAAACGFkbWluX2lk\n	1414506967
ed63513424647796b00a77a9dc38d35062d0af8a	BQgDAAAAAQiBAAAACGFkbWluX2lk\n	1414506968
1387c245bd28707389f68b8a971f528fc955e166	BQgDAAAAAQiBAAAACGFkbWluX2lk\n	1414506969
c860383090c62706585472f2758edee349df03d9	BQgDAAAAAQiBAAAACGFkbWluX2lk\n	1414506971
22cfda872a08f82ca49a6cb8d76d7a8aa4cf1cb0	BQgDAAAAAQiBAAAACGFkbWluX2lk\n	1414507331
07924d4923dbdb5a55929cd380e1cb6357496294	BQgDAAAAAQiBAAAACGFkbWluX2lk\n	1414507539
1510edb564a6bc56e3e48261a9bf5fc507d7cc35	BQgDAAAAAQiBAAAACGFkbWluX2lk\n	1414507541
594fcda64d96231b19cfabf09d16d19fb482b632	BQgDAAAAAQiBAAAACGFkbWluX2lk\n	1414507549
16e3e89a4df3d831c14daf9d0d2659968f1fe4a0	BQgDAAAAAQiBAAAACGFkbWluX2lk\n	1414507657
10faf7192784bcca18dc96c1feb83a51dad45773	BQgDAAAAAQiBAAAACGFkbWluX2lk\n	1414584397
eaf0cfd2d7c0d5ffd5f1dd294c94af51646cdde3	BQgDAAAAAQiBAAAACGFkbWluX2lk\n	1414584399
4329e6a3f26ef0041fac44a38edb64f7a0d7b87e	BQgDAAAAAQiBAAAACGFkbWluX2lk\n	1414509577
c94060ec90110c74322d350bb7745fb456213908	BQgDAAAAAQiBAAAACGFkbWluX2lk\n	1414509617
c4542296409d75825692330a2aed24859373eb49	BQgDAAAAAQiBAAAACGFkbWluX2lk\n	1414584411
479c119a76d4ceeb52225e7e48caa3089da712d5	BQgDAAAAAQiBAAAACGFkbWluX2lk\n	1414584414
ba780d6db6d81afa21b093b707d96f100154df80	BQgDAAAAAQiBAAAACGFkbWluX2lk\n	1414558841
d9021b34fd1df4dada4006c8b05ebe89a56c8aa9	BQgDAAAAAQiBAAAACGFkbWluX2lk\n	1414584457
7ec05937afd6057d968bf553adbdb87a6fa72ee0	BQgDAAAAAQiBAAAACGFkbWluX2lk\n	1414755775
320a4a05d4ece5101fb3eb229117621a2e101653	BQgDAAAAAQiBAAAACGFkbWluX2lk\n	1414574399
45d1e9e339f0a26c03dec02001c366b0f3d3ff89	BQgDAAAAAQiBAAAACGFkbWluX2lk\n	1414750869
3c48817b5f28c2de30be2ff4add53a7d4f318d3d	BQgDAAAAAQiBAAAACGFkbWluX2lk\n	1414513003
f3723a3fb7cae64807ba2ad4c6314cb6e0e1351f	BQgDAAAAAQiBAAAACGFkbWluX2lk\n	1414750880
bca7f32d29dbd0481633109f8d54c5f50b3427fd	BQgDAAAAAQiBAAAACGFkbWluX2lk\n	1414599435
41349d7cb71c1f048a09e18121ef06d4caa5b9de	BQgDAAAAAQiBAAAACGFkbWluX2lk\n	1414574782
5d7269ad7beedc2b864ce2dbbf01b118484717db	BQgDAAAAAQiBAAAACGFkbWluX2lk\n	1414509423
31068bd08143bd5cc1007df4efa953b5e65de5f6	BQgDAAAAAQiBAAAACGFkbWluX2lk\n	1414574786
66daf88e1b9c9dfd1e14e7e9e38d87a2eb25e3e7	BQgDAAAAAQiBAAAACGFkbWluX2lk\n	1414574807
3123dff4d69965903cbf905bed7bc17536f5bd76	BQgDAAAAAQiBAAAACGFkbWluX2lk\n	1414509454
adda29186c135fee86093936475f7f2ad15f22b7	BQgDAAAAAQiBAAAACGFkbWluX2lk\n	1414509456
b97650f205d1f4618aa2787ba38cd502e7bf6352	BQgDAAAAAQiBAAAACGFkbWluX2lk\n	1414509555
19ec93168e08091f097c1d5b041a8c316b039b89	BQgDAAAAAQiBAAAACGFkbWluX2lk\n	1414573212
bee71457e4a8b4eabd3b921e30e6a9634dac3976	BQgDAAAAAQiBAAAACGFkbWluX2lk\n	1414509560
1031abee47bb5af7af4a11b6315b81f10a20b5df	BQgDAAAAAQiBAAAACGFkbWluX2lk\n	1414509572
7534ea58ca5502800f34672c4e118df20843c63d	BQgDAAAAAQiBAAAACGFkbWluX2lk\n	1414573221
56bec02328aca79adfa763cab7bcf826cd1228d0	BQgDAAAAAQiBAAAACGFkbWluX2lk\n	1414573223
530573aefe40154eae9c8934e22a1812d049c027	BQgDAAAAAQiBAAAACGFkbWluX2lk\n	1414573240
12a7d7f55dca50a0270402da85a46aa52f03907c	BQgDAAAAAQiBAAAACGFkbWluX2lk\n	1414574816
a435b5d0842bc18dabf8d349d736e04083d98360	BQgDAAAAAQiBAAAACGFkbWluX2lk\n	1414751103
2199184f8a8a3b9477f0ecf8505aeacf159d5cef	BQgDAAAAAQiBAAAACGFkbWluX2lk\n	1414731646
ce238fd304f3f157da6db64a380a046de26f608d	BQgDAAAAAQiBAAAACGFkbWluX2lk\n	1414584256
51705ceb0c999a08d1ebbdf7342f8e20dd0b3ae7	BQgDAAAAAQiBAAAACGFkbWluX2lk\n	1414584272
1936404b9ce5cb7814976c6fbc765825a8ae9b10	BQgDAAAAAQiBAAAACGFkbWluX2lk\n	1414584321
603ca44accda5a06e163d7038c2ee6d995e78200	BQgDAAAAAQiBAAAACGFkbWluX2lk\n	1414751162
e9e671959f7b5e54783aa53bb9d8291c3719c0b2	BQgDAAAAAQiBAAAACGFkbWluX2lk\n	1414584348
cff0ff566dbc25c5656a8286d9384fc686d7187d	BQgDAAAAAQiBAAAACGFkbWluX2lk\n	1414753382
274a1a6061a36126037a5d115636a1828d863efa	BQgDAAAAAQiBAAAACGFkbWluX2lk\n	1414755869
f9282866790292bc97c100ed1fdf0019be9b3293	BQgDAAAAAQiDAAAACGFkbWluX2lk\n	1414754048
43fccedba5e1ca6291c5d2994276d15906eae6ab	BQgDAAAAAQiBAAAACGFkbWluX2lk\n	1414684668
79e80d301c1561f26fe9f3f4f4a9bc4fbd81d7d4	BQgDAAAAAQiBAAAACGFkbWluX2lk\n	1414684297
fa38e556ada978579a00788af04f76c01a8df9be	BQgDAAAAAQiCAAAACGFkbWluX2lk\n	1414753394
78f6d5a9152d2b5aecb938675810664c8138208a	BQgDAAAAAQiBAAAACGFkbWluX2lk\n	1414754094
3c0c0c121b5976ea3d4e424a84e1bd3413d4a5f1	BQgDAAAAAQiBAAAACGFkbWluX2lk\n	1414756221
6a35f6dd446fe111648a7ad85cfa23e79de4f7ee	BQgDAAAAAQiFAAAACGFkbWluX2lk\n	1414758657
52b7470fb0a4e787ef5c98982f93346b2f9e5d0b	BQgDAAAAAQiBAAAACGFkbWluX2lk\n	1414754724
e0d6264d3a139c5c923577faa12a1bc1d60d8173	BQgDAAAAAQiDAAAACGFkbWluX2lk\n	1414754674
ca1d625f9c4d27485d94dbbdd7adf7143a03bcdd	BQgDAAAAAQiBAAAACGFkbWluX2lk\n	1414755904
03ca345f85c9e144de2bdc3524b1d60814732eb1	BQgDAAAAAQiDAAAACGFkbWluX2lk\n	1414759178
a2e21a39b4e41f6bccd6d42effc20e9d8f4e768b	BQgDAAAAAQiBAAAACGFkbWluX2lk\n	1414759088
a83781e9580869ca33c45581d23aeb3fdb19ff03	BQgDAAAAAQiBAAAACGFkbWluX2lk\n	1414758375
7f115e1152e5721be696452c481db7b6fd5ab842	BQgDAAAAAQiDAAAACGFkbWluX2lk\n	1414758390
a6bfee6496318db10c080f252e4f6426010d5fc0	BQgDAAAAAQiBAAAACGFkbWluX2lk\n	1414758413
1aeb76bc92d254ad0387fb88e076ed79f44f02df	BQgDAAAAAQiFAAAACGFkbWluX2lk\n	1414758510
bb231f40136b277eb2921726eecf0905cbafbc13	BQgDAAAAAQiDAAAACGFkbWluX2lk\n	1414758518
cddf47b0588b438f16c69eaf65a0211a55682415	BQgDAAAAAQiBAAAACGFkbWluX2lk\n	1414758994
be6760958cf875ea28cc2af1dc84f668b7c89062	BQgDAAAAAQiSAAAACGFkbWluX2lk\n	1416222141
9af3913b8681c91441ad7e7c193145e7f7f15fe3	BQgDAAAAAQiBAAAACGFkbWluX2lk\n	1414818048
435ec808e9e0e5d5e4b05043c683c4e4cf700b43	BQgDAAAAAQiBAAAACGFkbWluX2lk\n	1415024569
2d5f0165425e50dcadd6cd7f3f888fb505f377ca	BQgDAAAAAQiDAAAACGFkbWluX2lk\n	1414760663
c2801c4c1753a94de5cbfd7afadb2c4dbf55f3e7	BQgDAAAAAQiDAAAACGFkbWluX2lk\n	1414758669
eb4d79eb424f31f0b2554b5532e0b55663075d02	BQgDAAAAAQiBAAAACGFkbWluX2lk\n	1415015062
5216d9cf5e620ddf6c7b5116eb221f72cc4e7461	BQgDAAAAAQiBAAAACGFkbWluX2lk\n	1415020359
ba65b6d47ff3ea73b803f67cb9950ace20cd4841	BQgDAAAAAQiBAAAACGFkbWluX2lk\n	1415005687
7a82b195b6231f6ff5e334dfed154afa66f0c320	BQgDAAAAAQiBAAAACGFkbWluX2lk\n	1415024627
b11448d8f25a7c172b72b76fc1e727007d543d5e	BQgDAAAAAQiBAAAACGFkbWluX2lk\n	1415024773
6f3dd7e029160f13e3411de5a0fb7fc7d75a10b0	BQgDAAAAAQiBAAAACGFkbWluX2lk\n	1415024842
dc8603051eeb01c3ad927b7f5f619728f52f13f1	BQgDAAAAAQiBAAAACGFkbWluX2lk\n	1414763105
cab9c1f6a7a5f49a7ca1b52970b7d5b4eaf3258e	BQgDAAAAAQiBAAAACGFkbWluX2lk\n	1415024944
b9c8e55db8148fb54fa5a5eb4e3c3a7c7875202d	BQgDAAAAAQiBAAAACGFkbWluX2lk\n	1415006958
32eb1738d768f3bc1fb01d5988791bee05eb725f	BQgDAAAAAQiBAAAACGFkbWluX2lk\n	1415025004
6d68c3e03b3619a7ca650a9416d5fb61fd904dca	BQgDAAAAAQiFAAAACGFkbWluX2lk\n	1414759183
66c77613153f83b6999c7633411a995342f006f9	BQgDAAAAAQiBAAAACGFkbWluX2lk\n	1415025413
a72b1fc6e41390e1241d08070aa4cf39e9c032ee	BQgDAAAAAQiFAAAACGFkbWluX2lk\n	1414767899
d2fefd9065506b44ad6a7541d742cca91a6c0461	BQgDAAAAAQiDAAAACGFkbWluX2lk\n	1414759197
0536c0b42d39995a51737b46d2cb66bec2f98292	BQgDAAAAAQiBAAAACGFkbWluX2lk\n	1415025501
9238f738e5b6d763d06b959c3a8cc47e90f2089c	BQgDAAAAAQiBAAAACGFkbWluX2lk\n	1415025541
62a5a5473a5604ffa134b9ffa69fbc54d2d9fc30	BQgDAAAAAQiBAAAACGFkbWluX2lk\n	1414759622
ff5b9fb838dd861d38e9774856aa3ae2b3d7a804	BQgDAAAAAQiFAAAACGFkbWluX2lk\n	1414759232
c6045dace26d5fde57a49931354d7821a56c8663	BQgDAAAAAQiBAAAACGFkbWluX2lk\n	1415002777
213813b0c07a4296c55cb1c6bd554543a07d8c2d	BQgDAAAAAQiDAAAACGFkbWluX2lk\n	1414759240
62c30cf9181458ce7510ec5372e4b658a693ff98	BQgDAAAAAQiBAAAACGFkbWluX2lk\n	1415005689
bda6a83afb05e173047a8925df2562198810e07f	BQgDAAAAAQiBAAAACGFkbWluX2lk\n	1415025587
c04994d45485edb533344b8033e81b0122e3e592	BQgDAAAAAQiFAAAACGFkbWluX2lk\n	1414759645
313b993b7f0bae6037790511304bcdb76c7da3ba	BQgDAAAAAQiBAAAACGFkbWluX2lk\n	1415006937
efd0f30ee56e5514c97888d2c9d0ee89ed6e30db	BQgDAAAAAQiBAAAACGFkbWluX2lk\n	1415019816
80c49eee72bc7c4e16eab70e5e8358c54ec93b60	BQgDAAAAAQiBAAAACGFkbWluX2lk\n	1415019821
ff026e45d379b3bfec12f4120365f8084b9cabbc	BQgDAAAAAQiBAAAACGFkbWluX2lk\n	1415006960
ce22b6e370d88d2d6106ad456ea3156b0ef2b85c	BQgDAAAAAQiDAAAACGFkbWluX2lk\n	1414760187
0543dde2fd49d9a67e144ce750f616e83934e122	BQgDAAAAAQiBAAAACGFkbWluX2lk\n	1415005543
3992f0aac16bdc696a69bf4bf7bbb8186b91af25	BQgDAAAAAQiBAAAACGFkbWluX2lk\n	1415174523
0f4e4e56f1ee27d8109aabba195bd88a4a2efbab	BQgDAAAAAQiBAAAACGFkbWluX2lk\n	1415015066
380ca3fc4b8cb475d9f1c9b6c08967deec4af307	BQgDAAAAAQiBAAAACGFkbWluX2lk\n	1415007866
953b4f1601c9bb23520705903fa050c787b833ce	BQgDAAAAAQiFAAAACGFkbWluX2lk\n	1414760654
2779b322f9c2f15c8a47cfd6862abf894c8bb911	BQgDAAAAAQiBAAAACGFkbWluX2lk\n	1415027078
123d5ce0a1870e2fc7ea2383d0d65ed917136159	BQgDAAAAAQiBAAAACGFkbWluX2lk\n	1415007938
24f3fdff7e92c8fcfe9599f410ed480830639847	BQgDAAAAAQiBAAAACGFkbWluX2lk\n	1415006942
ff6eaf18d00dac3f6076e964f060baec1ddb5bd6	BQgDAAAAAQiBAAAACGFkbWluX2lk\n	1415027088
35916ec743c223a162c5ef34530e75b3c6bb22af	BQgDAAAAAQiBAAAACGFkbWluX2lk\n	1415088260
923df71f3f57e4798957058899335b2bf48e5ab3	BQgDAAAAAQiBAAAACGFkbWluX2lk\n	1415112791
aedb025fc70049031fe3c5b6cd2a6ce0356da873	BQgDAAAAAQiBAAAACGFkbWluX2lk\n	1415108879
f780cb3d80a54fcee4cb99e22e08c6b3f49f634e	BQgDAAAAAQiBAAAACGFkbWluX2lk\n	1415108874
d1d2109bafc85dec42ae3f9a6afd2b8d6f7e9441	BQgDAAAAAQiBAAAACGFkbWluX2lk\n	1415026634
7f8754ee8e7d31074db5a602e518343525ba8f76	BQgDAAAAAQiBAAAACGFkbWluX2lk\n	1415024338
7a755c91b2a5e65c59077294c780cc0cd4efe297	BQgDAAAAAQiBAAAACGFkbWluX2lk\n	1415024518
d8a561901fc5078fe64853cbd8a15defd6745060	BQgDAAAAAQiSAAAACGFkbWluX2lk\n	1415197115
a1ea312682626114799f99735062dc72eda89f7d	BQgDAAAAAQiBAAAACGFkbWluX2lk\n	1415026682
f5935bda9415ecc060156cc30849baff509502fc	BQgDAAAAAQiBAAAACGFkbWluX2lk\n	1415026469
d562914d70eefcba3df8aeebefe74851a076436a	BQgDAAAAAQiBAAAACGFkbWluX2lk\n	1415026494
478e7130446f52d8c9b66aff41c3a18f94a164e1	BQgDAAAAAQiBAAAACGFkbWluX2lk\n	1415026691
06047a6964b3f5cea99662cbeb0e5b46d91732fd	BQgDAAAAAQiBAAAACGFkbWluX2lk\n	1415031299
a0c89cef9ddc8abc9884c99e828adb295cd84d14	BQgDAAAAAQiBAAAACGFkbWluX2lk\n	1415202807
6a877994c0c053a8d6ad3c8cbfab8ce87ad315f7	BQgDAAAAAQiBAAAACGFkbWluX2lk\n	1415192452
33fa98eb014319a6431161deb3a9e86cf9ec31f6	BQgDAAAAAQiBAAAACGFkbWluX2lk\n	1415117367
a8a4e0d1dce4ed715bddfde273947cc13968a693	BQgDAAAAAQiBAAAACGFkbWluX2lk\n	1415192590
0ad0c3adb806bf5d4891e52cee8f07dccbe63064	BQgDAAAAAQiBAAAACGFkbWluX2lk\n	1415109327
d7f63d2b5f79206084ba473775f785bb957b1b22	BQgDAAAAAQiBAAAACGFkbWluX2lk\n	1415183647
4754c4b6fba72df39fa3d2f4fff36fe2f1f4f635	BQgDAAAAAQiBAAAACGFkbWluX2lk\n	1415183651
89cacdb220f3be62bb2c65a1d4942f3f6a6aec9e	BQgDAAAAAQiSAAAACGFkbWluX2lk\n	1415192570
2eb2146d9cdb60e6268442cf0eba1d07b1a16b30	BQgDAAAAAQiSAAAACGFkbWluX2lk\n	1415195343
a219da37e9528b3791fc6e965fb1e4ab70cc2e0e	BQgDAAAAAQiSAAAACGFkbWluX2lk\n	1415203052
894c6d129b1d6d883c1516ffdec5b3b5250cbfe5	BQgDAAAAAQiBAAAACGFkbWluX2lk\n	1415196972
6d66d89ed2830146f1eef23ff010a32101a0ada5	BQgDAAAAAQiBAAAACGFkbWluX2lk\n	1415261568
b697e80c4debccb9967777025c5ac9c3396c17be	BQgDAAAAAQiBAAAACGFkbWluX2lk\n	1415271297
869650f4068676ccbab2e963aee481ea90483dc2	BQgDAAAAAQiSAAAACGFkbWluX2lk\n	1415261995
f60d87af9843f2272cce5c2bda88d4e84c4e6a62	BQgDAAAAAQiBAAAACGFkbWluX2lk\n	1415272208
f2b2223bb5b14d45a7bacac5b9072ddc384b8235	BQgDAAAAAQiBAAAACGFkbWluX2lk\n	1415272224
fde0ed0c0d021beacab9d65c051936e9e777cb7e	BQgDAAAAAQiBAAAACGFkbWluX2lk\n	1415272229
deea8d725e975b790bd59a15d01a761be46aea97	BQgDAAAAAQiSAAAACGFkbWluX2lk\n	1416222142
8d2985275c854925c5382555cc303993fa3bb112	BQgDAAAAAQiBAAAACGFkbWluX2lk\n	1415277691
53c481e643dcb014143d5ec65c0205ed75a21c5c	BQgDAAAAAQiBAAAACGFkbWluX2lk\n	1415366752
ece551cd941dd734f4c3566a0258c29346403ebc	BQgDAAAAAQiBAAAACGFkbWluX2lk\n	1415282312
130cf837208f5a24efecdb66a644d8a5ed197508	BQgDAAAAAQiBAAAACGFkbWluX2lk\n	1415282324
a6160e1b0b769affd23a255c8bba6a021f8c63ee	BQgDAAAAAQiBAAAACGFkbWluX2lk\n	1415282347
df755cb9cc94d3168c680b8b7366cdafd276afbc	BQgDAAAAAQiBAAAACGFkbWluX2lk\n	1415280555
88ef3c966cc545d917c48b958c85b0c7e286f9b4	BQgDAAAAAQiBAAAACGFkbWluX2lk\n	1415281477
0aa2fbcc4061f316bc1b6dc0231022fcbe22ecdd	BQgDAAAAAQiBAAAACGFkbWluX2lk\n	1415279191
16020b53a89bac4bbcb72c0724dd8bd688462301	BQgDAAAAAQiSAAAACGFkbWluX2lk\n	1415348428
47508cafc0c4c44593fbf0aac60be0a8b252ca38	BQgDAAAAAQiBAAAACGFkbWluX2lk\n	1415874046
23df914107f6395b30e2512ab5d93b2d2643612d	BQgDAAAAAQiBAAAACGFkbWluX2lk\n	1415273605
119564685179a6040f2bc01625ccb8131bbbccce	BQgDAAAAAQiBAAAACGFkbWluX2lk\n	1415277635
00accaa2f41ba37012f00a5b959165bcf35a8229	BQgDAAAAAQiBAAAACGFkbWluX2lk\n	1415281213
fa95e321831234d83c39b2660e6ae4236bbacdc6	BQgDAAAAAQiBAAAACGFkbWluX2lk\n	1415272232
5a475dfb6cca046ba45545f9722dd94c5f117134	BQgDAAAAAQiBAAAACGFkbWluX2lk\n	1415347606
0f5be454c5ec8b7caa250c0a5e32ede3e11152bd	BQgDAAAAAQiSAAAACGFkbWluX2lk\n	1415869729
744ae6f7728d45b56f6b371598cfd033d46f758a	BQgDAAAAAQiBAAAACGFkbWluX2lk\n	1415280579
0dbb7ba2af6c3a25a96499ac12bdfb11c02fe6de	BQgDAAAAAQiBAAAACGFkbWluX2lk\n	1415280034
42067f552bf758b4e62001d629527247d9883bbc	BQgDAAAAAQiBAAAACGFkbWluX2lk\n	1415272809
441a52a8d8d72fc246b62413adf393f1db655c68	BQgDAAAAAQiBAAAACGFkbWluX2lk\n	1415277421
ed824b80cf4686f9993f1fe7c027b906c5b1cc01	BQgDAAAAAQiBAAAACGFkbWluX2lk\n	1415278536
e5503f54468a52ae79d353bb2b48b5afc477d431	BQgDAAAAAQiBAAAACGFkbWluX2lk\n	1415290395
0b5ed895312dfebd765ec8e7b778182e031739e8	BQgDAAAAAQiBAAAACGFkbWluX2lk\n	1415278352
d30f96635f1c219aace4b29c8e33ef681b47957a	BQgDAAAAAQiBAAAACGFkbWluX2lk\n	1415273002
6286f88689b23666b1f2d61c0f3fd4bc1f226ba4	BQgDAAAAAQiBAAAACGFkbWluX2lk\n	1415347488
23a0ef720fe4adb4cfd3694e264cb1dcd279a54f	BQgDAAAAAQiBAAAACGFkbWluX2lk\n	1415276704
8cdd33f6d39e688078aedda7adb79b85a0c4cdc9	BQgDAAAAAQiBAAAACGFkbWluX2lk\n	1415283254
bd7697c768510b0662c5ce444e3c284f3f1e5fbc	BQgDAAAAAQiBAAAACGFkbWluX2lk\n	1415283260
941b3a1fec8de977d1d8b8844e9460c598d0713c	BQgDAAAAAQiBAAAACGFkbWluX2lk\n	1415280236
0d80468de57ef67fe593616e4e696eb7265491ba	BQgDAAAAAQiBAAAACGFkbWluX2lk\n	1415273609
50928eb0b840dc3130e5f94841238c56efabf515	BQgDAAAAAQiBAAAACGFkbWluX2lk\n	1415273874
b9d6ab72281c195f4a7ac839e8626ceaa7743647	BQgDAAAAAQiBAAAACGFkbWluX2lk\n	1415278063
0a8688eed434e3f3bad1e8296db1f6e43adb9a12	BQgDAAAAAQiBAAAACGFkbWluX2lk\n	1415867528
6815226ff5eed1507e8c4227153c5fe3bfc3dd39	BQgDAAAAAQiBAAAACGFkbWluX2lk\n	1415281594
98c59501b7150f9e34667ce8fce1caabaed4b7da	BQgDAAAAAQiBAAAACGFkbWluX2lk\n	1415281166
3c8ef4088e631fc75d2554d43a4a6f9d8f06b84b	BQgDAAAAAQiBAAAACGFkbWluX2lk\n	1415280468
499183e82be3bea50800abca5015d1e18b44657c	BQgDAAAAAQiBAAAACGFkbWluX2lk\n	1415276400
2b1fbcddddb64c8a252eabc248c6dcd3707ead59	BQgDAAAAAQiBAAAACGFkbWluX2lk\n	1415281309
8f383466a9be65d5bb0b295b45cfbd139aaee48b	BQgDAAAAAQiBAAAACGFkbWluX2lk\n	1415286375
9ab93427b11921c76b9c3849634ca1583694b2a0	BQgDAAAAAQiBAAAACGFkbWluX2lk\n	1415279134
1a9f58a0b496213dbcc0643e1acb50cd0ef4df1d	BQgDAAAAAQiSAAAACGFkbWluX2lk\n	1415291040
458c605320587aa8cd94ea10a513e753816ffa26	BQgDAAAAAQiBAAAACGFkbWluX2lk\n	1415279977
f5d0ec0deba03aa1cccd60f47e7d566cfa90dfb5	BQgDAAAAAQiBAAAACGFkbWluX2lk\n	1415279018
c175ce4a447d0ee10dd06022d48640b7c8581bab	BQgDAAAAAQiBAAAACGFkbWluX2lk\n	1415347599
568d3612a563a9c1548f33a28d314056573e606a	BQgDAAAAAQiSAAAACGFkbWluX2lk\n	1415288991
df2fbb438bfa410ce4f65a65da07e53380189238	BQgDAAAAAQiBAAAACGFkbWluX2lk\n	1415280504
05fb0670f2ee764c6db8009830309d250d5e783e	BQgDAAAAAQiBAAAACGFkbWluX2lk\n	1415282000
78c633859b36ffe4ee409562cc12b41319e67d94	BQgDAAAAAQiBAAAACGFkbWluX2lk\n	1415282024
5126fdebe7f6ad958a60334dc9b71fd49d11572e	BQgDAAAAAQiBAAAACGFkbWluX2lk\n	1415281197
3a5f85b3e3a599fe1b624011618ca3d0ab829e11	BQgDAAAAAQiBAAAACGFkbWluX2lk\n	1415287115
ef77841fde5781bb145c8c36eb35ecececfe5b9b	BQgDAAAAAQiBAAAACGFkbWluX2lk\n	1415371687
29ea62b3be9ec0f1ed82f3c7818b8a945a9eda37	BQgDAAAAAQiSAAAACGFkbWluX2lk\n	1415366756
f9e5c7c960b143c430fa89998cd13a8045492b28	BQgDAAAAAQiBAAAACGFkbWluX2lk\n	1415349962
4fa6d880b955da0eb8876e17e4d26db88a9f5486	BQgDAAAAAQiBAAAACGFkbWluX2lk\n	1415289951
208fa9862139f1e1873ee7eccd1c07576c916f06	BQgDAAAAAQiBAAAACGFkbWluX2lk\n	1415336460
2d3bde3fac3023733ec6e16833bd88356c9a3e32	BQgDAAAAAQiBAAAACGFkbWluX2lk\n	1415874698
d887274222ad5af8f1ca7d7429932c84e6f1aded	BQgDAAAAAQiBAAAACGFkbWluX2lk\n	1415874354
764fe9f0b30e3f802885ecdccf82aac60be21709	BQgDAAAAAQiBAAAACGFkbWluX2lk\n	1415350086
1210af9fa973e7bb6c281f40d7ef870d5fffe395	BQgDAAAAAQiBAAAACGFkbWluX2lk\n	1415867539
940943a0d78903b79151ad63b18c241053b649c7	BQgDAAAAAQiBAAAACGFkbWluX2lk\n	1415422858
eea5b4ad257613f7d38a5dc3eef88e864eb790be	BQgDAAAAAQiSAAAACGFkbWluX2lk\n	1415372162
935afa8c1da1b8e2f8b2bf5ce1ad20f886e78695	BQgDAAAAAQiSAAAACGFkbWluX2lk\n	1415875335
04fa115be74b1b302edfeaf72b270bf77387b26f	BQgDAAAAAQiSAAAACGFkbWluX2lk\n	1415875344
aaf829cb83d3fcf9fc446be00774f2f6744e128e	BQgDAAAAAQiBAAAACGFkbWluX2lk\n	1415875314
83810fd0d876e093b8b63d9ddd115f30e04ace55	BQgDAAAAAQiSAAAACGFkbWluX2lk\n	1415875622
c3d814ae8e8e89b1daa21b377809e7226574a679	BQgDAAAAAQiSAAAACGFkbWluX2lk\n	1415875700
088dba538d84b439a40fc316dceaf1a497ac53b7	BQgDAAAAAQiSAAAACGFkbWluX2lk\n	1415875737
e49b7368d8bf3c53c995750628ebff2f007d338d	BQgDAAAAAQiSAAAACGFkbWluX2lk\n	1415875750
54617ce44189bdb1ae67c6874f24ba4525383027	BQgDAAAAAQiSAAAACGFkbWluX2lk\n	1415875775
4045c6b69a641c3b7bd2c4a197ab6b7a9d98cbaf	BQgDAAAAAQiSAAAACGFkbWluX2lk\n	1415875806
b175891cfa5bbdaa2a6006488ba4728cb4cb61b0	BQgDAAAAAQiSAAAACGFkbWluX2lk\n	1415875847
6dcd60cb88024c7293016ee39eaf15f831d57cd6	BQgDAAAAAQiSAAAACGFkbWluX2lk\n	1416456058
6887d9cbf224cbb95ac0a9199aa77afe1e7dfe8d	BQgDAAAAAQiSAAAACGFkbWluX2lk\n	1415878052
a9da7ed02cc3deab51fd625531464b32fdd076ff	BQgDAAAAAQiSAAAACGFkbWluX2lk\n	1415877935
fdf7c916f8fb90c04a17789c1c8359c804b67715	BQgDAAAAAQiBAAAACGFkbWluX2lk\n	1415884782
729672f8decf81b9ebe5490f6731cd75e8310226	BQgDAAAAAQiSAAAACGFkbWluX2lk\n	1415875918
6f438b0c0c61f011b01515f1d55372cfef6ecfdc	BQgDAAAAAQiSAAAACGFkbWluX2lk\n	1415875858
1f924e3e5040eed885d3377b45d0c7f4db16355f	BQgDAAAAAQiSAAAACGFkbWluX2lk\n	1415876416
983b96f44e54aedb07cfe8aca3fcb3d3f431a552	BQgDAAAAAQiBAAAACGFkbWluX2lk\n	1415884763
3229a90a1a303c6cc348e14eaeaa1d43f825cd87	BQgDAAAAAQiSAAAACGFkbWluX2lk\n	1415876274
39ab906711ec2390457c484d24b3b2b7db2c95b8	BQgDAAAAAQiBAAAACGFkbWluX2lk\n	1415884517
5d4ff67cb63f2a3a87be0748a3347445afe5730b	BQgDAAAAAQiSAAAACGFkbWluX2lk\n	1415875868
cf3c9373d4515f3924766c952c6b55869eaa1f5e	BQgDAAAAAQiSAAAACGFkbWluX2lk\n	1415875942
e8cf13891cf853d6962ec017949495e332d3631e	BQgDAAAAAQiBAAAACGFkbWluX2lk\n	1415884251
7b5cd036b58e5e1aeb19270a7d277dee0b4b13ff	BQgDAAAAAQiBAAAACGFkbWluX2lk\n	1415885740
efa27ac60116f2f3522ac3c6bd5708d73abc6c4c	BQgDAAAAAQiBAAAACGFkbWluX2lk\n	1415881402
d09c8522f80c757b692f4ff94557bfad7370d4f5	BQgDAAAAAQiSAAAACGFkbWluX2lk\n	1415878918
b3e7e0b3140a2a9ece808e5740a17845b544daa8	BQgDAAAAAQiSAAAACGFkbWluX2lk\n	1415876295
00bd759a64eb670df3ad94ab2bb4210ca068d36f	BQgDAAAAAQiSAAAACGFkbWluX2lk\n	1415875876
cecc395cc244bce2b09cc4d6b4230dff24e3c3cd	BQgDAAAAAQiSAAAACGFkbWluX2lk\n	1415875966
f6b018e16ace4d23ead6478f496f17ed36ed0c1b	BQgDAAAAAQiBAAAACGFkbWluX2lk\n	1415883972
26a92cc4e0e622089093592ef98357bafd9e68b8	BQgDAAAAAQiSAAAACGFkbWluX2lk\n	1415879642
256f21f3c8727a91dc3b3acb3b6cc331bc7b2ac4	BQgDAAAAAQiSAAAACGFkbWluX2lk\n	1415878258
c8dc3e9f224bb0d0485efb89576bed943c00e2ea	BQgDAAAAAQiSAAAACGFkbWluX2lk\n	1415875883
028160d772fce127ee58b348955172e87fcd9a88	BQgDAAAAAQiSAAAACGFkbWluX2lk\n	1415881847
3b301997c28505a9f7910627cd5f24f153a479cb	BQgDAAAAAQiSAAAACGFkbWluX2lk\n	1415875973
7563106db429eaf570cd8e6e4f0270a3eabaa4ba	BQgDAAAAAQiSAAAACGFkbWluX2lk\n	1415878038
693b36b7247dc109eb6620067c18355e90acd3f3	BQgDAAAAAQiSAAAACGFkbWluX2lk\n	1415876484
0828fbd9d583b4af54b85c24f134dedda2013c18	BQgDAAAAAQiSAAAACGFkbWluX2lk\n	1415875896
d615e8fc8ed736031cdb4b354ad1c9f78aee9bf2	BQgDAAAAAQiSAAAACGFkbWluX2lk\n	1415878104
4b2263e0eda3b61e553330dc470f21f65d6a7bd5	BQgDAAAAAQiBAAAACGFkbWluX2lk\n	1415883944
d8b912ddff521848d8723170702acc86bd76879e	BQgDAAAAAQiBAAAACGFkbWluX2lk\n	1415883477
2e82af4b9d7266de2b0ee647eda495fe9aaf6854	BQgDAAAAAQiSAAAACGFkbWluX2lk\n	1415875989
79eae45b5c3eced62256b94763b7f019b2f18c75	BQgDAAAAAQiSAAAACGFkbWluX2lk\n	1415879643
f2677b19edf539f69dfa3de6b1120bd75fcee5d4	BQgDAAAAAQiSAAAACGFkbWluX2lk\n	1415875905
e599ea10bcba4700fd55d5cae76b4f10d8138502	BQgDAAAAAQiBAAAACGFkbWluX2lk\n	1415884468
7d72adffb26ed7b550d218775e74c173156ed355	BQgDAAAAAQiSAAAACGFkbWluX2lk\n	1415878429
eb3babf5d9737788602905c8bee092088958b934	BQgDAAAAAQiBAAAACGFkbWluX2lk\n	1415884730
6f3418d491938a626f2301901322d4fccfddeab9	BQgDAAAAAQiBAAAACGFkbWluX2lk\n	1415884730
b9171c4e96619f8b3fbfdecf05edcca8bf6cf3b3	BQgDAAAAAQiSAAAACGFkbWluX2lk\n	1415878990
2d9954c527fa732e7374e6936a3f26c32fd5e96d	BQgDAAAAAQiSAAAACGFkbWluX2lk\n	1415876027
b603dd94d1eb1b5a9f6d0c02cca2c056b0d3ee4b	BQgDAAAAAQiBAAAACGFkbWluX2lk\n	1415885733
2fd7b5d87b4af5928e5aac4bb61516acfa6079c8	BQgDAAAAAQiBAAAACGFkbWluX2lk\n	1415884597
3f19c8154e907e6a10fec8b75df9108c864c546d	BQgDAAAAAQiSAAAACGFkbWluX2lk\n	1415879782
ece394aad67339f49111790b1b3ae24078f0a765	BQgDAAAAAQiSAAAACGFkbWluX2lk\n	1415878549
de2aa9d12e7ec541cda0a6195fa3c66927685c55	BQgDAAAAAQiBAAAACGFkbWluX2lk\n	1415884931
abf5690b63ecb6acff11273c853bf1e5afd74ea5	BQgDAAAAAQiSAAAACGFkbWluX2lk\n	1415881427
a49faae1a8e2a40adc53f924ece3e903f84423f9	BQgDAAAAAQiSAAAACGFkbWluX2lk\n	1415879143
5974ab7513d464e5e5f9bf7e1d5052d1861a07d4	BQgDAAAAAQiBAAAACGFkbWluX2lk\n	1415884497
b7f3bc08ac2a3ffd714d816a9569c12e95a1e6ef	BQgDAAAAAQiSAAAACGFkbWluX2lk\n	1415883217
71fbdc7b57cbe4fc0e739a9cb096ce1c1a7279f4	BQgDAAAAAQiBAAAACGFkbWluX2lk\n	1415883675
7a61ba596bdaaacfe071a9136fe2c812b8884585	BQgDAAAAAQiSAAAACGFkbWluX2lk\n	1415892173
958bc6894d949b5f99c11c395561eddd5effbe86	BQgDAAAAAQiBAAAACGFkbWluX2lk\n	1415883252
1bd7d83aeadf1033d7e2bd83ff2cace538486c05	BQgDAAAAAQiBAAAACGFkbWluX2lk\n	1415883302
e3f2096376895edeff1f89a384e781bcb9b38ed4	BQgDAAAAAQiSAAAACGFkbWluX2lk\n	1415885741
2af5740f7cc3bdccf17b1ab95e746b5355e1cc5e	BQgDAAAAAQiSAAAACGFkbWluX2lk\n	1415892011
11e17a2514c85c37a7e1168348965228b78486b7	BQgDAAAAAQiBAAAACGFkbWluX2lk\n	1415884789
1347743e82236b30d16c4d72ee2ecc577e91e11a	BQgDAAAAAQiSAAAACGFkbWluX2lk\n	1415889339
3a6af8f34fad25aa98ac8319d4f15a34229c9730	BQgDAAAAAQiSAAAACGFkbWluX2lk\n	1415890175
1bdbc9db1f2e25e38cbced9b3827c79fb2edd893	BQgDAAAAAQiSAAAACGFkbWluX2lk\n	1415889208
75befbb197d35516903b2d8683520d74c3a1b989	BQgDAAAAAQiSAAAACGFkbWluX2lk\n	1415891716
e2c0a39db0bb3d4ade7d035def465cd6684f21f7	BQgDAAAAAQiSAAAACGFkbWluX2lk\n	1415889405
62f47154bd7dcd261fe83be34f632f0e03ab0e55	BQgDAAAAAQiBAAAACGFkbWluX2lk\n	1415889338
c274833b59fb3486c1712520320d72e0005393f8	BQgDAAAAAQiSAAAACGFkbWluX2lk\n	1415890290
440ec7ba64d6e77747d88948ca6957fcf71a70c9	BQgDAAAAAQiBAAAACGFkbWluX2lk\n	1415890105
5f2e35c8b63fcd0b8b7ba3f2bad52f96d2ca6258	BQgDAAAAAQiSAAAACGFkbWluX2lk\n	1415892200
44c836a8b712d84f443756d056d1e0430aabac5e	BQgDAAAAAQiSAAAACGFkbWluX2lk\n	1415892141
66c631c2f01d89dd40e911c5ba8a628ddabf2ecf	BQgDAAAAAQiSAAAACGFkbWluX2lk\n	1415892223
7d79bb66823707c7a9ea4f84bce52754e9946934	BQgDAAAAAQiSAAAACGFkbWluX2lk\n	1415892236
392ecbcefef2cbbd960adea0586794baf78829ea	BQgDAAAAAQiSAAAACGFkbWluX2lk\n	1415892256
97fe8cf8a57fb673fdefe9b6c3f3dc39b2358b94	BQgDAAAAAQiSAAAACGFkbWluX2lk\n	1415892412
764a21ac0a50e5219e103a32d45e1caa2e85e233	BQgDAAAAAQiSAAAACGFkbWluX2lk\n	1415892825
ba27921c2cb2c21ac51253f23ed8ffa22bfd6022	BQgDAAAAAQiSAAAACGFkbWluX2lk\n	1415892863
1cf5f0871010190fe00898c8bd82e61f23af838c	BQgDAAAAAQiSAAAACGFkbWluX2lk\n	1416456058
ff6f96aa6145216863e91e6fec1a173d715b353c	BQgDAAAAAQiSAAAACGFkbWluX2lk\n	1415969094
ca8a8396a731c1456efbfea033b5b99d415cddb9	BQgDAAAAAQiSAAAACGFkbWluX2lk\n	1415893555
0cae1b60ade8fc26425c8bcecd2052cb38608bec	BQgDAAAAAQiSAAAACGFkbWluX2lk\n	1415952931
8ba5af633710295995f424392a7da7a4cdaecf8a	BQgDAAAAAQiSAAAACGFkbWluX2lk\n	1415893555
5df7355fc89e30d938da2c6faccfbe32fb35916a	BQgDAAAAAQiSAAAACGFkbWluX2lk\n	1415964496
6af2d65f837fb1545547270d405fe53ae3feefd9	BQgDAAAAAQiSAAAACGFkbWluX2lk\n	1415963127
f830df7ee71798c237301bcaaebc10875070a4d0	BQgDAAAAAQiSAAAACGFkbWluX2lk\n	1415966068
093ab3cdf924c69269ef05c4d311a310e113b951	BQgDAAAAAQiSAAAACGFkbWluX2lk\n	1415953430
7774893233073e1d29aaa0b2b5fec211c6ee6767	BQgDAAAAAQiSAAAACGFkbWluX2lk\n	1415964669
5e01ca9faaf48b1f318dfd42b7019ec9a449a60e	BQgDAAAAAQiBAAAACGFkbWluX2lk\n	1415893754
fb97e10ccf762392dff6ff27228bf463258c9025	BQgDAAAAAQiSAAAACGFkbWluX2lk\n	1415963594
c03549c9e59ea7e7dcb9d4a223f4389127e6ec7c	BQgDAAAAAQiSAAAACGFkbWluX2lk\n	1415953000
25427cd79679d4c88c6538235a083bc4ab73701a	BQgDAAAAAQiSAAAACGFkbWluX2lk\n	1415894870
433b438720574b1b6a6fc2f8eb62b9bf6ea42548	BQgDAAAAAQiBAAAACGFkbWluX2lk\n	1415894925
27f3f635208a71ed323a7e39819fdaec62ddeae7	BQgDAAAAAQiBAAAACGFkbWluX2lk\n	1415958233
0cad51801dd4f7980ea9cffe5f8869aa59881a59	BQgDAAAAAQiSAAAACGFkbWluX2lk\n	1415893771
3a04130a20e5e1499bcf69b836a1d2e04ec22df0	BQgDAAAAAQiBAAAACGFkbWluX2lk\n	1415955381
868848734ad29e588f01966053962b6c973fe331	BQgDAAAAAQiSAAAACGFkbWluX2lk\n	1415953071
65d0cb25cacac7f5bb98985fe428da02d3bce670	BQgDAAAAAQiBAAAACGFkbWluX2lk\n	1415955402
0b6cc276c0e2752396b1435bc7ff8a6ab64023cb	BQgDAAAAAQiSAAAACGFkbWluX2lk\n	1415893689
bc82854ca7763d0e37ed133e3f0c12c7694b69fe	BQgDAAAAAQiBAAAACGFkbWluX2lk\n	1415955445
d7b1b8e53d04f2620071d478df196d642dfb6796	BQgDAAAAAQiSAAAACGFkbWluX2lk\n	1415955480
40f3f17947bef209ef6137fdd5e1603ad3249a06	BQgDAAAAAQiBAAAACGFkbWluX2lk\n	1415955503
3ab3078f8aabcd057c435c4761521870fbab252a	BQgDAAAAAQiSAAAACGFkbWluX2lk\n	1415955504
a5b99d69b27e0e24afdb6558172374841abc0abc	BQgDAAAAAQiSAAAACGFkbWluX2lk\n	1415893968
03a48918e272a4e0e46e28ddcb8ecbdb517e55ef	BQgDAAAAAQiBAAAACGFkbWluX2lk\n	1415955520
308e1a87f562009aaed74c63e6cf46e348c7281d	BQgDAAAAAQiSAAAACGFkbWluX2lk\n	1415952481
80192b3acb8602ec0148fa35b34b2f86bac4bbb2	BQgDAAAAAQiBAAAACGFkbWluX2lk\n	1415955692
987a3bf429f3c87451abc75df976e79538f57ec7	BQgDAAAAAQiBAAAACGFkbWluX2lk\n	1415952783
4130498519295a62b848191b2c7608dd8a673837	BQgDAAAAAQiBAAAACGFkbWluX2lk\n	1415955700
81433be29b3ff02c4801365c4e9a09d635ab39e1	BQgDAAAAAQiBAAAACGFkbWluX2lk\n	1415955778
4b6a64b8ecb90db3415bdb408eab6731abfcfeef	BQgDAAAAAQiSAAAACGFkbWluX2lk\n	1415953083
e4efd1468ebe0914e9d0b799639827a5df1f2d09	BQgDAAAAAQiSAAAACGFkbWluX2lk\n	1415963274
ab5558e963ee40a0fb3deacaea4424de696b0549	BQgDAAAAAQiSAAAACGFkbWluX2lk\n	1415952896
cc57c495245c6b63a69ef8da6814604cee48d679	BQgDAAAAAQiSAAAACGFkbWluX2lk\n	1415965089
6885d9254ee672b661ef5072202cdb7627eca569	BQgDAAAAAQiSAAAACGFkbWluX2lk\n	1415964895
479d3664bc02d5a001013d445f6d59d4bfb08bc9	BQgDAAAAAQiSAAAACGFkbWluX2lk\n	1415963981
8115a9d2cbc302b8367ef8d9f217893534855cb5	BQgDAAAAAQiSAAAACGFkbWluX2lk\n	1415963500
3596504300c9066847c4bdcd27177d18765c49e1	BQgDAAAAAQiSAAAACGFkbWluX2lk\n	1415963262
f11c7c0322617183040636c222b9ccd17d7ce54f	BQgDAAAAAQiSAAAACGFkbWluX2lk\n	1415961801
c14d57a9e80b880b9cfa7fc7210d34acbbd9658f	BQgDAAAAAQiSAAAACGFkbWluX2lk\n	1415961801
7b78511058af51fd0d1c204a4261d65d2ab54c87	BQgDAAAAAQiSAAAACGFkbWluX2lk\n	1415961933
10c387125fc45d07eea19863957022d77166b9ba	BQgDAAAAAQiSAAAACGFkbWluX2lk\n	1415961944
8269b12cd21a12fb7a3ba7ec9417f3a251bb182e	BQgDAAAAAQiSAAAACGFkbWluX2lk\n	1415961952
b813c09817cbe5b4a61912f033ec3f8c3124669f	BQgDAAAAAQiSAAAACGFkbWluX2lk\n	1415962170
f4400e51497b6704bd32f289e059ea4acf36c40d	BQgDAAAAAQiSAAAACGFkbWluX2lk\n	1415964954
a941e99e86326cd2e3e5edea9d8e51d59f52a4db	BQgDAAAAAQiSAAAACGFkbWluX2lk\n	1415963876
295053181b0232b3ed5bb93f6c878c318a86f3fd	BQgDAAAAAQiBAAAACGFkbWluX2lk\n	1415966066
489e80a611ff950cfffd24914bc1d95197ab232f	BQgDAAAAAQiSAAAACGFkbWluX2lk\n	1415966654
10a6230f79bc477969ebe2353c1e1b2281b879bf	BQgDAAAAAQiSAAAACGFkbWluX2lk\n	1415963295
e62ba111b0fe7082e5f9275fe3c31c6111650501	BQgDAAAAAQiSAAAACGFkbWluX2lk\n	1415966539
85f5912c7a496d098cd16270c65fd39594fac054	BQgDAAAAAQiSAAAACGFkbWluX2lk\n	1415963833
73397f48c2981023d84451e4caa8df9309cf07fc	BQgDAAAAAQiSAAAACGFkbWluX2lk\n	1415967498
2fe6b39f5914fa0a9b832fa9a1375f7982eca78a	BQgDAAAAAQiSAAAACGFkbWluX2lk\n	1415966368
719f1bdc1167ac0afe4b4c8ddcebdc04ae67bd4d	BQgDAAAAAQiSAAAACGFkbWluX2lk\n	1415964479
81fc8f503eb6af4c1950bd469dba3cf7593a1176	BQgDAAAAAQiBAAAACGFkbWluX2lk\n	1415971015
08e7f164480c4c5117cefbb16e8ad1b0e0aa1207	BQgDAAAAAQiSAAAACGFkbWluX2lk\n	1415967545
0da4d38290efe7d652a2e8a4f675a993a2df8ee6	BQgDAAAAAQiSAAAACGFkbWluX2lk\n	1415970647
a5248be8ca85ff6106eb4eb134f157d0803d28e5	BQgDAAAAAQiSAAAACGFkbWluX2lk\n	1415968240
f9141b1cc71e300b9d649dc130d2874d4d66cb30	BQgDAAAAAQiSAAAACGFkbWluX2lk\n	1415968186
c16ddd6f888e939bcdbf479704778dd45c3003d5	BQgDAAAAAQiSAAAACGFkbWluX2lk\n	1415966135
d0372edc8f47ce4f660cc12502d8bc72d21d649d	BQgDAAAAAQiSAAAACGFkbWluX2lk\n	1415970012
871d0b728c2f340349f8d4365d6b4328502564cd	BQgDAAAAAQiSAAAACGFkbWluX2lk\n	1415968224
2861025ce4ff8901b31067d6a07e578470a5f2cc	BQgDAAAAAQiSAAAACGFkbWluX2lk\n	1415967987
d4d8384c230cf5bcd04fe0f93bb762e944772024	BQgDAAAAAQiSAAAACGFkbWluX2lk\n	1415970645
bc630ef2b2e6de26bbdf1efe8c71b1ac67b10cf2	BQgDAAAAAQiSAAAACGFkbWluX2lk\n	1415971026
7758e188aa722b64b984b925654a7d1cabf2315c	BQgDAAAAAQiSAAAACGFkbWluX2lk\n	1415971097
a83d51ed321bd4db263b9ab9f0b5ae3b69786c7a	BQgDAAAAAQiSAAAACGFkbWluX2lk\n	1415971122
45ede6aa0af1a5f9e345a1f5f9449f6724e1ab26	BQgDAAAAAQiSAAAACGFkbWluX2lk\n	1415971172
2b012bcc61bcddcb646200ea81745726cdcbf457	BQgDAAAAAQiSAAAACGFkbWluX2lk\n	1415971243
4e9ebad229edd8c9ba18b8203e5712feed515c44	BQgDAAAAAQiSAAAACGFkbWluX2lk\n	1415971287
e26f09a22c5e8a673e164791468f595d5b73d0ce	BQgDAAAAAQiSAAAACGFkbWluX2lk\n	1416456058
3184739c17c4a728dd32035eeb202487709cd9f5	BQgDAAAAAQiBAAAACGFkbWluX2lk\n	1415974498
1f34dc18f9b3d632c5767f8e612ed616ee88a263	BQgDAAAAAQiSAAAACGFkbWluX2lk\n	1415974908
527d46c3450a36756281ea0ce8745a2a5662952e	BQgDAAAAAQiBAAAACGFkbWluX2lk\n	1415974298
b545f41e8654678598528fdb592218817a1c4231	BQgDAAAAAQiSAAAACGFkbWluX2lk\n	1415973765
79da0cae83e92cca1ccbf60e702bc1f840623b83	BQgDAAAAAQiBAAAACGFkbWluX2lk\n	1415973736
66be921bf2077404e4f4bcbcc4d527396ee0de80	BQgDAAAAAQiBAAAACGFkbWluX2lk\n	1415974254
92494540e05d1820e71c1e02300a55c224c90b37	BQgDAAAAAQiSAAAACGFkbWluX2lk\n	1415971768
39bdffe6e373b743c5f1ad3d890cb28a5f877257	BQgDAAAAAQiBAAAACGFkbWluX2lk\n	1415975124
4b72d5194f29fc3ae8d0d275417c9ff964a70105	BQgDAAAAAQiSAAAACGFkbWluX2lk\n	1415974884
a443b309863d5a9e55f815f53a9a6b654e0ab2c4	BQgDAAAAAQiSAAAACGFkbWluX2lk\n	1415973795
715843b237cb505298fdf8d382d50aacfb12e53b	BQgDAAAAAQiSAAAACGFkbWluX2lk\n	1415973587
4759df0f2cdff1ae481d7f678471d2c4b0250c5e	BQgDAAAAAQiSAAAACGFkbWluX2lk\n	1415973645
2889ed3292bf470189e3be526775b33b4092b66a	BQgDAAAAAQiSAAAACGFkbWluX2lk\n	1415971355
dbc45dd5b591be29bae9a65c82df3c426f9504ba	BQgDAAAAAQiSAAAACGFkbWluX2lk\n	1415972801
28bca75b8c87e3eee34b999fbe16bf1572aa632e	BQgDAAAAAQiSAAAACGFkbWluX2lk\n	1415972071
456afcbea98b8469c75713bae49f7a4dadf5ea6d	BQgDAAAAAQiSAAAACGFkbWluX2lk\n	1415974803
2f1385149e31cc805c13cb1906f2e30999474c32	BQgDAAAAAQiSAAAACGFkbWluX2lk\n	1415973193
ddbf0a6fd09dcd59c5ce898a009ad3f818c4185d	BQgDAAAAAQiSAAAACGFkbWluX2lk\n	1415974789
34c89cdd5bafde224b8ef9cc17aae9ea56f14380	BQgDAAAAAQiBAAAACGFkbWluX2lk\n	1415974469
199edfbc769346fd36bd3f35197a49b0accf7d22	BQgDAAAAAQiSAAAACGFkbWluX2lk\n	1415971868
2cb974912c35cf5b932e13ee10133e57994e670f	BQgDAAAAAQiBAAAACGFkbWluX2lk\n	1415973757
25f2365d3bf9e525734fed8244ed8c1dcfea497d	BQgDAAAAAQiBAAAACGFkbWluX2lk\n	1415973678
eac5b41c7dda2759f53a2f0ea0a9b5df0d8a2351	BQgDAAAAAQiBAAAACGFkbWluX2lk\n	1415975028
1d68be235736118dec9a738ad9d177e1878b7509	BQgDAAAAAQiBAAAACGFkbWluX2lk\n	1415974256
10481a73d5c3c4f57db7e5216f8c82689c207c2f	BQgDAAAAAQiSAAAACGFkbWluX2lk\n	1415973768
690675bad4306801b007b44586f2e8ca0d895728	BQgDAAAAAQiBAAAACGFkbWluX2lk\n	1415974789
cdc113d61cab44fac8221b5072a4928c2a6310ff	BQgDAAAAAQiSAAAACGFkbWluX2lk\n	1415971544
85e166380674cb1265518d47a770daf9a077ffb8	BQgDAAAAAQiSAAAACGFkbWluX2lk\n	1415972073
1b0e845a016c73be9e4895f6030928cc13774666	BQgDAAAAAQiBAAAACGFkbWluX2lk\n	1415974144
91799dc8ce4f23a245fd16ca360c911353f62134	BQgDAAAAAQiBAAAACGFkbWluX2lk\n	1415973783
38277c1660e5412df7deda0dea7f8fca8996a23d	BQgDAAAAAQiSAAAACGFkbWluX2lk\n	1415973303
25de8761a668b68078962cf5425a33441a339a1c	BQgDAAAAAQiSAAAACGFkbWluX2lk\n	1415973150
1b138ecb8cdf6f925e7e955d40189ae064172cf2	BQgDAAAAAQiSAAAACGFkbWluX2lk\n	1415973663
c9ff61c791acc83b8962cf3851bbb14f1a0ce14f	BQgDAAAAAQiSAAAACGFkbWluX2lk\n	1415973615
bd8f2a1298cb2d4759146ab35a06fbd8cebba5e5	BQgDAAAAAQiBAAAACGFkbWluX2lk\n	1415972793
7550177cd6e1b46fdb0e579bcd1c9a4ca69cf533	BQgDAAAAAQiSAAAACGFkbWluX2lk\n	1415972057
eb66f8259758afc442ba1691c0a9eddd784239fd	BQgDAAAAAQiSAAAACGFkbWluX2lk\n	1415974776
131a166e3d96142ab94118ba08794d77f0eb6e1d	BQgDAAAAAQiSAAAACGFkbWluX2lk\n	1415974888
d25ace7b50be6022244e37632c55d474d6bf0e1b	BQgDAAAAAQiSAAAACGFkbWluX2lk\n	1415974889
33f1d35e557732fd16e6d197ffcb895c9f055193	BQgDAAAAAQiBAAAACGFkbWluX2lk\n	1415974447
222e947669f4388ed44b016896c5cdc13076e6f8	BQgDAAAAAQiSAAAACGFkbWluX2lk\n	1415974856
752d91162ba3d048818498e78fc0de72f911bfdf	BQgDAAAAAQiSAAAACGFkbWluX2lk\n	1415974745
9f3d98251f69316c9ea9cf6a2af2d785b56ea7d0	BQgDAAAAAQiBAAAACGFkbWluX2lk\n	1415974843
ba65f95301ba65a76b086e683d8dfaf84e07a7a1	BQgDAAAAAQiBAAAACGFkbWluX2lk\n	1415974091
3c8fd2638663d238764cc4bbc532c05861cc5e05	BQgDAAAAAQiSAAAACGFkbWluX2lk\n	1415974856
bfe66b45b9b212ebb8974f300fa7c6dc7fa54929	BQgDAAAAAQiBAAAACGFkbWluX2lk\n	1415974740
02bd4cf0abc2e3bc3676c1fb4f229153be03060f	BQgDAAAAAQiBAAAACGFkbWluX2lk\n	1415975135
9de01d804fa482f72545aacd22e8b92c49e5e1c9	BQgDAAAAAQiSAAAACGFkbWluX2lk\n	1415974979
4e6a940cfe95a950bf5ffc0d21f141ec77ff9955	BQgDAAAAAQiSAAAACGFkbWluX2lk\n	1415975033
941e3d5bbcd684e7eb1970d3917666b369404b5c	BQgDAAAAAQiSAAAACGFkbWluX2lk\n	1415974813
b547c33e2dbfb11f250f3144677a8c2dafbe6d48	BQgDAAAAAQiBAAAACGFkbWluX2lk\n	1415974869
eceff0e3c59dad5ca5adcfde89b2028ffd854fd2	BQgDAAAAAQiSAAAACGFkbWluX2lk\n	1415975059
cf2797fc0dfe1d714cba147395c49ba891d9384c	BQgDAAAAAQiBAAAACGFkbWluX2lk\n	1415974839
656b100223eca8683b65a5d4b18b99b08c7ed660	BQgDAAAAAQiSAAAACGFkbWluX2lk\n	1415974869
233d29dfd58d806b34b19ea222a996ae0842c6d7	BQgDAAAAAQiSAAAACGFkbWluX2lk\n	1415975119
280e96d9a8268686b5667117eb6fd0dc3c640594	BQgDAAAAAQiSAAAACGFkbWluX2lk\n	1415975036
bb2ed13b8eb05ea2d6b3bcbd3fc02d833d7d94af	BQgDAAAAAQiSAAAACGFkbWluX2lk\n	1415975088
e5c6a5bd74aa113a9032e9e48e296c56812e2309	BQgDAAAAAQiSAAAACGFkbWluX2lk\n	1415975063
903a17c7a47d7a12c9e0036acfade86daa55abf0	BQgDAAAAAQiBAAAACGFkbWluX2lk\n	1415975043
266dcfa5ab4ba7b920be548c556affa25a30a5ec	BQgDAAAAAQiSAAAACGFkbWluX2lk\n	1415975024
9b9c5b8767fa41fcd572d4d751698367d390ab10	BQgDAAAAAQiSAAAACGFkbWluX2lk\n	1415975071
2782dabfcb3e0c80634880f4963588aa58b88290	BQgDAAAAAQiBAAAACGFkbWluX2lk\n	1415975076
7c2789bfc0cdc75794dd1798c6e0ed9b958787fd	BQgDAAAAAQiSAAAACGFkbWluX2lk\n	1415975110
472c6eb79506caf0088866497bf3714f57363926	BQgDAAAAAQiSAAAACGFkbWluX2lk\n	1415975113
bb6f5939992c474869c0a275d4411cf56361a5fd	BQgDAAAAAQiSAAAACGFkbWluX2lk\n	1415975127
88e544a35901fdf266985aacff5ad17f19e4b234	BQgDAAAAAQiSAAAACGFkbWluX2lk\n	1415975131
6981cbac730295a98f1e438e90b2058f979c0161	BQgDAAAAAQiSAAAACGFkbWluX2lk\n	1415975140
930de355a9214641ae19d082c49065515f5379aa	BQgDAAAAAQiBAAAACGFkbWluX2lk\n	1415975137
20740480463f26e29e7db59b4ff4f067011d9da7	BQgDAAAAAQiSAAAACGFkbWluX2lk\n	1415975143
a32ac3b004544349043f90f5532a296b317eea27	BQgDAAAAAQiSAAAACGFkbWluX2lk\n	1416456058
ea2158c7f36ce0674c354ccd45c91f2d096d3b24	BQgDAAAAAQiSAAAACGFkbWluX2lk\n	1415975178
3e0ba615258c548539ee7f3570284cd7210e5a2a	BQgDAAAAAQiSAAAACGFkbWluX2lk\n	1415975175
e0bcc44d38ab98d762033fc38024408669cd185e	BQgDAAAAAQiSAAAACGFkbWluX2lk\n	1415975178
22855b0d439d19ad559c89633569b2edae07cf2e	BQgDAAAAAQiSAAAACGFkbWluX2lk\n	1415977152
4eda3679ddd295245249f2bea6be79d88b234bc0	BQgDAAAAAQiSAAAACGFkbWluX2lk\n	1415975179
66f57f00d738932ab6738b142f3cdefa7f8a791d	BQgDAAAAAQiSAAAACGFkbWluX2lk\n	1415975179
0a2afea3f5e98c3f08d971caa44179906b34cd4c	BQgDAAAAAQiBAAAACGFkbWluX2lk\n	1416211791
85e6a78196b30e12b30b327a27c24e60f3fa2eda	BQgDAAAAAQiSAAAACGFkbWluX2lk\n	1415975179
6e0940ac539d57e0fcddf495edcaa084added101	BQgDAAAAAQiSAAAACGFkbWluX2lk\n	1415977153
61a79a6301f14f6fed14b126c427482ffa5292e7	BQgDAAAAAQiSAAAACGFkbWluX2lk\n	1415975200
6ca4091817ee8350a681e0bdd1ee8240e7db30f5	BQgDAAAAAQiSAAAACGFkbWluX2lk\n	1415977153
5abeebdff66c599ae2dd85a3af8cf72f9ea09167	BQgDAAAAAQiSAAAACGFkbWluX2lk\n	1415975208
5c3ac21a2c061db0a2c9f62ba3db9843b593d9ac	BQgDAAAAAQiSAAAACGFkbWluX2lk\n	1415977092
645cc9bec72d03d2243ef594e931858d722d74aa	BQgDAAAAAQiSAAAACGFkbWluX2lk\n	1415977093
24d5c8d61dba6343958239e0655149ade9c023a7	BQgDAAAAAQiSAAAACGFkbWluX2lk\n	1415975209
1fc5c02999bd3e93e4508b830d899ea6d147a987	BQgDAAAAAQiSAAAACGFkbWluX2lk\n	1415975209
31d7876215a074656a9a33cebfe4f5c169f7e746	BQgDAAAAAQiBAAAACGFkbWluX2lk\n	1415977422
f0fad20a51b98a1472f287f41359cc24d9c07589	BQgDAAAAAQiSAAAACGFkbWluX2lk\n	1415975209
620385645cbfbb2f57ffb348332c357e61a6dc30	BQgDAAAAAQiSAAAACGFkbWluX2lk\n	1415977093
f35033efc799d0300b3590eb0e6bc8732d20068d	BQgDAAAAAQiSAAAACGFkbWluX2lk\n	1415975209
b38876b3f868049073d775489c6147f8318e38c3	BQgDAAAAAQiSAAAACGFkbWluX2lk\n	1415975209
63e7a0c8513e073d6489c7615a0df6240f1a6d2c	BQgDAAAAAQiSAAAACGFkbWluX2lk\n	1415975203
0a81b687c1176875b799b33d63dda4cc7dd83dd0	BQgDAAAAAQiSAAAACGFkbWluX2lk\n	1415977153
beadfb46d43aac69252bed33eb6ba41871125fb5	BQgDAAAAAQiSAAAACGFkbWluX2lk\n	1415977093
4220e7416fae5142c0de9436700bfbf945a879d5	BQgDAAAAAQiBAAAACGFkbWluX2lk\n	1415975203
6080abd47856f54888a1ce9ebea43aa0bbf9063b	BQgDAAAAAQiSAAAACGFkbWluX2lk\n	1415975204
81196784d1b836a592d4e0737c14e11f3efa1c3a	BQgDAAAAAQiBAAAACGFkbWluX2lk\n	1415977149
830fac0cf70429de0493ca181e7de0e54ec9aee2	BQgDAAAAAQiSAAAACGFkbWluX2lk\n	1415975204
5c74b00fb51a861b523613d2dc348d80085291ba	BQgDAAAAAQiSAAAACGFkbWluX2lk\n	1415977093
1a2eb6bdad29925c3a480536882e80511beaa4bd	BQgDAAAAAQiSAAAACGFkbWluX2lk\n	1415975204
e8718bf35da07f8262efeeea34f1eed9ef3ef18f	BQgDAAAAAQiSAAAACGFkbWluX2lk\n	1415975282
e89740ea6b7086a3ca332729fa77ac6c11815885	BQgDAAAAAQiSAAAACGFkbWluX2lk\n	1415975204
c5ca193b9fde8840a7484e4a766333344356c951	BQgDAAAAAQiBAAAACGFkbWluX2lk\n	1415976353
26886a713f3a1e5d5b93eb98dee0bbc5cc242478	BQgDAAAAAQiBAAAACGFkbWluX2lk\n	1416213836
42ebb936e432bcd0ed1f1ebedb28ad6eae95c8d2	BQgDAAAAAQiBAAAACGFkbWluX2lk\n	1415977029
ff25cfae198125bff739eebff70f31d0ba4b9197	BQgDAAAAAQiSAAAACGFkbWluX2lk\n	1415977097
a16161a38a885f156f0d2de941bdfbc1f1d505f1	BQgDAAAAAQiBAAAACGFkbWluX2lk\n	1415977089
3d95ea0b8b57e2d02c3d9d94759378a3fa308f8e	BQgDAAAAAQiSAAAACGFkbWluX2lk\n	1415977153
eb1282310d39ed9af9e12b343f125b83144ca908	BQgDAAAAAQiBAAAACGFkbWluX2lk\n	1415977076
3e390c456539f003ada434280f725f2cb905abaf	BQgDAAAAAQiSAAAACGFkbWluX2lk\n	1415977449
da3c02dd94ae2d99ea2ffc7357578b90c4ea5cdd	BQgDAAAAAQiBAAAACGFkbWluX2lk\n	1416213945
e9ed794ce7fdddcd2ac7e8144b7015646a88d76e	BQgDAAAAAQiBAAAACGFkbWluX2lk\n	1416213430
5d1f2316f8a3998dedd9e37c80a07fa32ca60f89	BQgDAAAAAQiBAAAACGFkbWluX2lk\n	1416215744
a768212f6bcb6d1ad9d73bd913198832c29167dc	BQgDAAAAAQiBAAAACGFkbWluX2lk\n	1415976665
852ee2bb4e184db7274402c9c3b65699a26902b8	BQgDAAAAAQiBAAAACGFkbWluX2lk\n	1415976712
8211b2d7f340db8bcfa0ac08a41e68bc859416a0	BQgDAAAAAQiBAAAACGFkbWluX2lk\n	1416212252
7cade541a14d2c722bcab9089a61437f12959f92	BQgDAAAAAQiBAAAACGFkbWluX2lk\n	1416212078
cd732c2390209085c97583d4d8d63fc0692ef9de	BQgDAAAAAQiBAAAACGFkbWluX2lk\n	1416211471
7e89a76880284f011dfb20006f7fba000f556201	BQgDAAAAAQiBAAAACGFkbWluX2lk\n	1415977112
2ea105b458b6a48d90f321d2e7ec515032e9e9c1	BQgDAAAAAQiBAAAACGFkbWluX2lk\n	1416214116
8bfb0819e330043f0f6971d9e6bf3ac6efecbe08	BQgDAAAAAQiBAAAACGFkbWluX2lk\n	1416214122
633fde0b3104a8c60551e84e0689939b086c548d	BQgDAAAAAQiBAAAACGFkbWluX2lk\n	1416211473
23bb5e9d7ab5a05b345cdb9b0abfec6b18db9748	BQgDAAAAAQiBAAAACGFkbWluX2lk\n	1416215782
f432628d598727b97f9c1af022a1720b1ed3cd9a	BQgDAAAAAQiBAAAACGFkbWluX2lk\n	1415977522
8507e0e62041833c4f2a3f3aa6b46e006a21e199	BQgDAAAAAQiBAAAACGFkbWluX2lk\n	1415977551
ce8c661115b67235a9b788b57004813079e0a8dd	BQgDAAAAAQiBAAAACGFkbWluX2lk\n	1416215832
06b1b459e8776191123c274142011c204b3ce38c	BQgDAAAAAQiBAAAACGFkbWluX2lk\n	1415977544
0cb3d0def52f264143c23c2384c0710cf86b98da	BQgDAAAAAQiBAAAACGFkbWluX2lk\n	1416213220
59642363fe5e748250b528b11cc0f7f27a31dc4b	BQgDAAAAAQiBAAAACGFkbWluX2lk\n	1416212251
92e8cb0d4e5db08b9b4b5f3a188cc30495d3bd75	BQgDAAAAAQiBAAAACGFkbWluX2lk\n	1416213248
14a69bcbcf165927aa39a6a186c470e1cfa83ade	BQgDAAAAAQiBAAAACGFkbWluX2lk\n	1416213927
ee1bf9233f5f1cd35efaf976c7d2775ddb573c50	BQgDAAAAAQiBAAAACGFkbWluX2lk\n	1416216168
9332656465d65b0257c3b5ae2e5a45aa1161d0dd	BQgDAAAAAQiBAAAACGFkbWluX2lk\n	1416216169
a2181683f8048c07794bea47aaaa0c2d8889ae13	BQgDAAAAAQiSAAAACGFkbWluX2lk\n	1416222086
e3c3f0e608db3b38b490faa7a2530399a38d748e	BQgDAAAAAQiSAAAACGFkbWluX2lk\n	1416222086
e7a29781f2778cab2a7a72a6bcdbb288d626acb4	BQgDAAAAAQiSAAAACGFkbWluX2lk\n	1416222086
959fb2e1c9b3292d85dfd566094acd7e836064d6	BQgDAAAAAQiSAAAACGFkbWluX2lk\n	1416222087
efc4bd3d82693f77534316ea953980a54c1dd9f0	BQgDAAAAAQiSAAAACGFkbWluX2lk\n	1416222087
cf002df5e2c17e90218a7e742ea5cf0c209b4a1a	BQgDAAAAAQiSAAAACGFkbWluX2lk\n	1416222087
06708fbc02f9753fdbdd4269d55b28dfda73936f	BQgDAAAAAQiSAAAACGFkbWluX2lk\n	1416222141
b5eb69f242a55eabda105e025383f4fa73106f88	BQgDAAAAAQiSAAAACGFkbWluX2lk\n	1416222141
25fca7d0a7d8ccbe5fa1ae5893c7ea6ba05b6f2f	BQgDAAAAAQiSAAAACGFkbWluX2lk\n	1416222141
55491b85dd527c8029147026e08c65daf4cf8a21	BQgDAAAAAQiSAAAACGFkbWluX2lk\n	1416222141
95287903aee12e8bc8ed6380556c17963252407c	BQgDAAAAAQiBAAAACGFkbWluX2lk\n	1416232509
1377832a0cfccb0a0f016696e25896015c0118cc	BQgDAAAAAQiBAAAACGFkbWluX2lk\n	1416223963
fc3363a2472c880f11f4583189948259e867fab5	BQgDAAAAAQiBAAAACGFkbWluX2lk\n	1416224378
08b1c58859b4f5d244ec60ef9bed1590368a469d	BQgDAAAAAQiBAAAACGFkbWluX2lk\n	1416232523
dde8905f328acc51d5b8a8465078cc9a7a334dd7	BQgDAAAAAQiBAAAACGFkbWluX2lk\n	1416223974
d6545aede2d73c26441cef29b4619e53040c87c4	BQgDAAAAAQiBAAAACGFkbWluX2lk\n	1416393843
c1c3de8320044bc820aba21a10c872d41c102a5f	BQgDAAAAAQiBAAAACGFkbWluX2lk\n	1416224408
77dcc5ec4f8932ca6611667ba6be05144f8ede13	BQgDAAAAAQiBAAAACGFkbWluX2lk\n	1416224084
8d28fdb9fb05a797814e9c97ffaada4b2437e01f	BQgDAAAAAQiBAAAACGFkbWluX2lk\n	1416232750
31843732e363e917562e0309097f4fba4bec46f0	BQgDAAAAAQiBAAAACGFkbWluX2lk\n	1416389117
8ad4b37b055b2f65936a6a3b8b1f136484c6e837	BQgDAAAAAQiBAAAACGFkbWluX2lk\n	1416224146
1063e429efa48f58c9ab672da2de776c13db5665	BQgDAAAAAQiBAAAACGFkbWluX2lk\n	1416224639
9763a73bd9c6e00933193c3f89fdfeb8b4e34fb3	BQgDAAAAAQiBAAAACGFkbWluX2lk\n	1416224499
d90178f3ba3b7cdb27b2a49c7245379866147559	BQgDAAAAAQiSAAAACGFkbWluX2lk\n	1416222176
44765970b19ae04553e7b1180dc5937e20d33f42	BQgDAAAAAQiSAAAACGFkbWluX2lk\n	1416222176
a270922414dcf3090e53945393d83030631acbcc	BQgDAAAAAQiSAAAACGFkbWluX2lk\n	1416222176
90519e801e91dbad4cc52e463a5a3eb370c32e4b	BQgDAAAAAQiSAAAACGFkbWluX2lk\n	1416222176
2b10aa455b08bc1b36fd84e6694f29232090502f	BQgDAAAAAQiSAAAACGFkbWluX2lk\n	1416222176
90ff373f9616700821ca159452fcae918d673463	BQgDAAAAAQiSAAAACGFkbWluX2lk\n	1416222177
eca59a48fd57b2536310eafb8b1cbce44de0457d	BQgDAAAAAQiSAAAACGFkbWluX2lk\n	1416222517
71596da0d90406206b1e884d484ce216a9e08668	BQgDAAAAAQiBAAAACGFkbWluX2lk\n	1416222325
c9e519986f46afe0503444768eaa3e2d36de9c15	BQgDAAAAAQiSAAAACGFkbWluX2lk\n	1416222517
b2221465c0bacecddf6058f0b5f3ff601e873b78	BQgDAAAAAQiSAAAACGFkbWluX2lk\n	1416222517
351071e632495916f781da7fb0e47c8a3db3a645	BQgDAAAAAQiSAAAACGFkbWluX2lk\n	1416222517
d1006c31ed02c3e084016a8e22d089f03d145e41	BQgDAAAAAQiSAAAACGFkbWluX2lk\n	1416222517
284fd83cf0b910a6a2f09cb052c865dee6d75b6f	BQgDAAAAAQiSAAAACGFkbWluX2lk\n	1416222518
872b248d5d7950b456e124bb41ede4828b036ba6	BQgDAAAAAQiBAAAACGFkbWluX2lk\n	1416224158
7cfb672d0d359fd01acfc4a43610e8bba491524e	BQgDAAAAAQiBAAAACGFkbWluX2lk\n	1416224159
9feb419fb8770a893d5d8f2971e2e235e1fe0066	BQgDAAAAAQiSAAAACGFkbWluX2lk\n	1416283259
1dbb4bea35b8d58cd8e2b09a206dad09fa4e6303	BQgDAAAAAQiSAAAACGFkbWluX2lk\n	1416222347
9394f6c84c203d983f80752c0f4ede4e0d7bb95f	BQgDAAAAAQiSAAAACGFkbWluX2lk\n	1416222347
329b46f498e9e97363c0a0b2ae38e92f371994e0	BQgDAAAAAQiSAAAACGFkbWluX2lk\n	1416222347
0adb21a472b8ab2bf5233196511b1ccff2a791c9	BQgDAAAAAQiSAAAACGFkbWluX2lk\n	1416222348
774bbaf09fecb8bd93baf13ab84943f22f8f29ff	BQgDAAAAAQiSAAAACGFkbWluX2lk\n	1416222348
497122babaf3714522d25a30cd243da40d68581e	BQgDAAAAAQiBAAAACGFkbWluX2lk\n	1416222244
d00fffc378608a41c5fcd5109b1e9dd8fbcb2733	BQgDAAAAAQiSAAAACGFkbWluX2lk\n	1416222348
da3be974dc8d697087bf6e4668b923f2c2b2b359	BQgDAAAAAQiBAAAACGFkbWluX2lk\n	1416224621
dc9e24c65f3a64ee5b29e93281823fa2c8b91fcb	BQgDAAAAAQiBAAAACGFkbWluX2lk\n	1416222514
3955d19797bc66e87563cb9c6b2907eb3e047640	BQgDAAAAAQiSAAAACGFkbWluX2lk\n	1416283259
1998b2f2a1f0f29aeb1cb744d422c3b1c4541db8	BQgDAAAAAQiSAAAACGFkbWluX2lk\n	1416283260
2db0aa4c6a76826a5f9e247013a4a623880ea4c9	BQgDAAAAAQiBAAAACGFkbWluX2lk\n	1416224633
84626ccf9677d0cf8172f1c2ad7a82c0db05208f	BQgDAAAAAQiSAAAACGFkbWluX2lk\n	1416283260
c3e5f6c97c1ac0f961acf374f0e1089c66a97563	BQgDAAAAAQiBAAAACGFkbWluX2lk\n	1416223738
e60e4282a1a91cdadb5565e7fbf8182aa674e8f6	BQgDAAAAAQiBAAAACGFkbWluX2lk\n	1416224336
7161752334233c3993588c60b7ba551635840505	BQgDAAAAAQiSAAAACGFkbWluX2lk\n	1416283260
a20ed139623250345255c40630d93752c74326b8	BQgDAAAAAQiBAAAACGFkbWluX2lk\n	1416224336
d900e99a995dd8a239b4f0a1b56ca987c894d235	BQgDAAAAAQiBAAAACGFkbWluX2lk\n	1416223908
fc29caff818f95a660c7acbf98b8a45a2b9a3268	BQgDAAAAAQiBAAAACGFkbWluX2lk\n	1416225846
21d915ca59ea9d4addfdc2d078edd83b0c4df47b	BQgDAAAAAQiSAAAACGFkbWluX2lk\n	1416283260
d40a1777eb86f36afaf27406e73ddf883f517d63	BQgDAAAAAQiBAAAACGFkbWluX2lk\n	1416240062
b7a5270647826f8eeb47bec256e47cadbcecc34d	BQgDAAAAAQiBAAAACGFkbWluX2lk\n	1416386320
ae81fdbfe1c39befc31c71dbcd1b6ff41853dede	BQgDAAAAAQiBAAAACGFkbWluX2lk\n	1416240214
5249e79edb64cee90aa42bfd7ad4dffe1e3baaac	BQgDAAAAAQiBAAAACGFkbWluX2lk\n	1416327277
eb8c6d6fd30b66bdc715114089e9cbb7a7fe1122	BQgDAAAAAQiBAAAACGFkbWluX2lk\n	1416240420
257453bfae4610650c3a5460232eb468685c6576	BQgDAAAAAQiBAAAACGFkbWluX2lk\n	1416298105
7ae41f4c8eae9c76d784df70c0327ac0f793bb96	BQgDAAAAAQiSAAAACGFkbWluX2lk\n	1416396274
20e2d4000af97b1d89ebd916cacab0366d4de103	BQgDAAAAAQiBAAAACGFkbWluX2lk\n	1416396156
51f3f8465c16f0cee0f7c15e93f7ff20b7bd7b2d	BQgDAAAAAQiBAAAACGFkbWluX2lk\n	1416303089
562e8c541f356360e32f3dc96bdb522262446ff3	BQgDAAAAAQiSAAAACGFkbWluX2lk\n	1416388539
be79f96e322211266308ff567293d02d8b528931	BQgDAAAAAQiSAAAACGFkbWluX2lk\n	1416390225
dfbf5a01515b7c8ce13c0e4c4dabf3f35af60d52	BQgDAAAAAQiBAAAACGFkbWluX2lk\n	1416386313
38d878c7f55a42887f9a7aeb0891c5a803a675ec	BQgDAAAAAQiBAAAACGFkbWluX2lk\n	1416408874
e6cbeeb176f0aeeee428057d85b98187a4a072da	BQgDAAAAAQiBAAAACGFkbWluX2lk\n	1416396930
9d9a9fb6d80e4145dad30827c2b7cf32657d108f	BQgDAAAAAQiBAAAACGFkbWluX2lk\n	1416399804
18db422d3c3345f19d5ed89ab5e9dd3f00663894	BQgDAAAAAQiSAAAACGFkbWluX2lk\n	1416399930
4c34d3b1203cb90db02e6f0a0d80585a309e3452	BQgDAAAAAQiBAAAACGFkbWluX2lk\n	1416412860
ee5f72fbd95375d1bfaafd521de65aab94b42e58	BQgDAAAAAQiSAAAACGFkbWluX2lk\n	1416408888
f5bfcb8be3490c4301b5f295028ff21bc28f7c22	BQgDAAAAAQiBAAAACGFkbWluX2lk\n	1416413604
8b5275d925e7854339d701d8adb73f0a33b88ef2	BQgDAAAAAQiBAAAACGFkbWluX2lk\n	1416413079
7be8d71187649b94e04da18073590fb3105dba04	BQgDAAAAAQiBAAAACGFkbWluX2lk\n	1416413292
c66f59e9b69cf6299a78a4650928e5b10d924b5c	BQgDAAAAAQiSAAAACGFkbWluX2lk\n	1416456057
fc9f6aca4dd053b2193ddef8e46ea0612ab4c48f	BQgDAAAAAQiSAAAACGFkbWluX2lk\n	1416456057
118191ded1c472bdc77370a562637c6e42338664	BQgDAAAAAQiBAAAACGFkbWluX2lk\n	1416473402
bbc439f3b61d37f155ed792878af7883158b6dbe	BQgDAAAAAQiBAAAACGFkbWluX2lk\n	1416488640
5f104852d75ec60cacc4abad9b0f8e282d69c967	BQgDAAAAAQiBAAAACGFkbWluX2lk\n	1416486871
51d3ef245b7737f8a6e047e38b6236281aea358c	BQgDAAAAAQiBAAAACGFkbWluX2lk\n	1416488663
96d96050f984de52ace5972354e15c7711de1671	BQgDAAAAAQiBAAAACGFkbWluX2lk\n	1416488668
b31c7759c310c99eebaf0b9e67a1bbe6169a2645	BQgDAAAAAQiBAAAACGFkbWluX2lk\n	1416486922
2e19913ffae9b8cc8f06994a657de94c3e1a2e9d	BQgDAAAAAQiBAAAACGFkbWluX2lk\n	1416486941
5092eaf7e138ac23fd7bae9c600eed9891fbf17b	BQgDAAAAAQiBAAAACGFkbWluX2lk\n	1416486948
b4dc0ade48898bff4320c8fb1012222635bef50d	BQgDAAAAAQiBAAAACGFkbWluX2lk\n	1416486956
03d8bddf0322fcf2ceb560e2a3d778027b030c1e	BQgDAAAAAQiBAAAACGFkbWluX2lk\n	1416486980
6bdb87ccb3188f124b85a295ce3cec2ca769e60f	BQgDAAAAAQiBAAAACGFkbWluX2lk\n	1416486990
6be085bdaba9d7859316e4be02ca25b70fc98879	BQgDAAAAAQiBAAAACGFkbWluX2lk\n	1416481654
aeb448105934dfb124bc213b6178b82c923394e8	BQgDAAAAAQiBAAAACGFkbWluX2lk\n	1416472068
80a358f10193064cd1270b2f8acecede17df9058	BQgDAAAAAQiBAAAACGFkbWluX2lk\n	1416487016
4cb99805c72eb061042769461e4811fed67eb2bf	BQgDAAAAAQiBAAAACGFkbWluX2lk\n	1416472090
9d0f89b31ff845bbb28592d6cb60efe485075026	BQgDAAAAAQiBAAAACGFkbWluX2lk\n	1416487028
7f0c577e2b9b91cb543fcd859b924e6432f7b15b	BQgDAAAAAQiBAAAACGFkbWluX2lk\n	1416487060
294563c8ba473569bcf687adc6251fd1c5e11aed	BQgDAAAAAQiBAAAACGFkbWluX2lk\n	1416488679
17d0ad5e84bb32b0943af6b52ef1be230beadb83	BQgDAAAAAQiBAAAACGFkbWluX2lk\n	1416472133
e1fe3a55fb6a3d57d67755c315d4d65b814ea452	BQgDAAAAAQiBAAAACGFkbWluX2lk\n	1416488695
c82947af574a8579afe91fa510230e6e87d0f36e	BQgDAAAAAQiBAAAACGFkbWluX2lk\n	1416472142
6caef754ca8b1ea3ed5bbc4d4441ffe0d04634fc	BQgDAAAAAQiBAAAACGFkbWluX2lk\n	1416487081
858c2227f3ff15da91c5704c3f8b19ba0c91960b	BQgDAAAAAQiBAAAACGFkbWluX2lk\n	1416472187
e78f9f93afd6f5ddd91a5862670c2586284e9b52	BQgDAAAAAQiBAAAACGFkbWluX2lk\n	1416488698
fbe65c9b8d754c37e5eb1a7989cd40fb7589d717	BQgDAAAAAQiBAAAACGFkbWluX2lk\n	1416472219
7cee112f4f5ff31a9f4ed3a7d7c78a2d747d521c	BQgDAAAAAQiBAAAACGFkbWluX2lk\n	1416488741
c6e8e44faf692b7ef981ebd096aa0d4b4df374d5	BQgDAAAAAQiBAAAACGFkbWluX2lk\n	1416500119
e56a8048a2c06f9ab111ed626744278777f9329c	BQgDAAAAAQiBAAAACGFkbWluX2lk\n	1416561813
be580af5fa12b1b3757445b07456920553a1cfdc	BQgDAAAAAQiBAAAACGFkbWluX2lk\n	1416560986
f69f4b49c6b3f67c2ffb7d116c45a1e4ae440729	BQgDAAAAAQiBAAAACGFkbWluX2lk\n	1416560999
cd171c90dd8854fdb2b33ab5c04edd5cd689242e	BQgDAAAAAQiBAAAACGFkbWluX2lk\n	1416561054
b3aab67393fb9f512b4da23636b0a536d0303912	BQgDAAAAAQiBAAAACGFkbWluX2lk\n	1416488240
2b27f596ac13ed6c507b2c0e554b9ee2832937dc	BQgDAAAAAQiBAAAACGFkbWluX2lk\n	1416473368
f1cf1f47daefab429952d2a681d9ae2930a5d4d4	BQgDAAAAAQiBAAAACGFkbWluX2lk\n	1416473374
750e17da076e326421dbb070646b12064ab21822	BQgDAAAAAQiBAAAACGFkbWluX2lk\n	1416473391
2fd02bb50bd46f62e0e68605378887dfed2d7e13	BQgDAAAAAQiBAAAACGFkbWluX2lk\n	1416488258
81f1fe031bd436f866d523715a7cac95cd1c6c2b	BQgDAAAAAQiBAAAACGFkbWluX2lk\n	1416486822
7c68d47e2e239b5386dd889fde39ab277a19119c	BQgDAAAAAQiBAAAACGFkbWluX2lk\n	1416488406
b80a88b8628079dc021f36db17556371cabcb172	BQgDAAAAAQiBAAAACGFkbWluX2lk\n	1416488437
fed2485f3cb1bf62d86d15734fa3952a1dcd11d4	BQgDAAAAAQiBAAAACGFkbWluX2lk\n	1416486854
fcc930907e8e2bc77f9343d1a83a98016e4f1375	BQgDAAAAAQiBAAAACGFkbWluX2lk\n	1416488443
0bd8e4d941ce77623cd4cad9324629e036b6e1fa	BQgDAAAAAQiBAAAACGFkbWluX2lk\n	1416561056
c3033eaa634a4a421307d0e3f08888372d1d4117	BQgDAAAAAQiBAAAACGFkbWluX2lk\n	1416488450
a5b0981ffff720e0bb56629d792f5d31d038a98d	BQgDAAAAAQiBAAAACGFkbWluX2lk\n	1416488463
8b9c2be461f3b81bd1061dbc6c246d2cc156a660	BQgDAAAAAQiBAAAACGFkbWluX2lk\n	1416488472
ad491c9a311144cab7b3d94fbfd827678cadd955	BQgDAAAAAQiBAAAACGFkbWluX2lk\n	1416488623
bcba10afd863fae1099b519a6e3f60956aba8708	BQgDAAAAAQiBAAAACGFkbWluX2lk\n	1416488630
521898a251b16b5cbc8a8012837f4211c7f036b9	BQgDAAAAAQiBAAAACGFkbWluX2lk\n	1416558023
33f6180500b5d1970dd01035c4cb221863057d15	BQgDAAAAAQiBAAAACGFkbWluX2lk\n	1416558082
b42746d493be4693a97ee999eacb2913d198c50f	BQgDAAAAAQiBAAAACGFkbWluX2lk\n	1416561058
708477de7677a98d04755a311a4ea933264dd8e2	BQgDAAAAAQiBAAAACGFkbWluX2lk\n	1416561138
3c0f7ed1cdf769dbbf466d1d666b162a1300c424	BQgDAAAAAQiBAAAACGFkbWluX2lk\n	1416561382
96895828dd2f6a0d40944b8a6550568ce0a08965	BQgDAAAAAQiBAAAACGFkbWluX2lk\n	1416561399
51bf4c4c8c62301d6d3453dd1c19c7a6eb9e7d11	BQgDAAAAAQiBAAAACGFkbWluX2lk\n	1416561480
e6272a5db52cbe6d8e72bf79a02519e5eda96587	BQgDAAAAAQiBAAAACGFkbWluX2lk\n	1416561926
5a9a228532a9d087360bc6d596fcb661c9979117	BQgDAAAAAQiBAAAACGFkbWluX2lk\n	1416562521
e11fe29cdcdd237bd4078874ab8910eba264b268	BQgDAAAAAQiBAAAACGFkbWluX2lk\n	1416562567
b87767d599ee97d9d36e4a12792f7a93b0f807f5	BQgDAAAAAQiBAAAACGFkbWluX2lk\n	1416562570
2a50c8474c49186c2632f5ece83b5cba194bc042	BQgDAAAAAQiBAAAACGFkbWluX2lk\n	1416562571
c458515eb90a872ea873830fc36d498aa69c44ec	BQgDAAAAAQiBAAAACGFkbWluX2lk\n	1416562571
00b296c08ce1bdee1088f5148e6294d812529b0b	BQgDAAAAAQiBAAAACGFkbWluX2lk\n	1416562572
b622b55ca7faae44ad7eadd159c914e979bc99c8	BQgDAAAAAQiBAAAACGFkbWluX2lk\n	1416562572
114b680f1c72d1dc4d39a584f67a0042913db86e	BQgDAAAAAQiBAAAACGFkbWluX2lk\n	1416562573
9bf21aac9f42735f2cdd020ae9d59018f20240c1	BQgDAAAAAQiBAAAACGFkbWluX2lk\n	1416563104
65e084bc4c93811655f80d96dd26100d98e3e0a1	BQgDAAAAAQiBAAAACGFkbWluX2lk\n	1416563131
58fd6719b78d638d8eed5a733c19e6ff8b99d403	BQgDAAAAAQiBAAAACGFkbWluX2lk\n	1416563169
e94dee3419398e5216e76f53013e8b9698221ba9	BQgDAAAAAQiBAAAACGFkbWluX2lk\n	1416563179
233642491c55a64303e7a6e2864852ba1931bb37	BQgDAAAAAQiBAAAACGFkbWluX2lk\n	1416563213
23bae24ca2c07bd080a022848a10793e37c26431	BQgDAAAAAQiBAAAACGFkbWluX2lk\n	1416563456
3e7fb5228f1a4dc67ca8f456fe8d12df78512abb	BQgDAAAAAQiBAAAACGFkbWluX2lk\n	1416563848
8b1a6560c978fc827497aba378d432f181a32f5b	BQgDAAAAAQiBAAAACGFkbWluX2lk\n	1416563950
4c7e6ff12ef19e8a04e714858a1068d0f42c47a7	BQgDAAAAAQiBAAAACGFkbWluX2lk\n	1416564014
88a119de6d0b73386b9d0de5e121fad063ee3579	BQgDAAAAAQiBAAAACGFkbWluX2lk\n	1416564070
9cd0d24bdaf017f778ffc9a0e6e33f2f321b65ed	BQgDAAAAAQiBAAAACGFkbWluX2lk\n	1416564071
880757c60a63825a5ae6f101af2cd0607522dfae	BQgDAAAAAQiBAAAACGFkbWluX2lk\n	1416564071
976e8cbcad249b639dbcebfabbb7a9a7a02be680	BQgDAAAAAQiBAAAACGFkbWluX2lk\n	1416564117
f27fb7b55b6e320fb28eed26650a03f8523b0079	BQgDAAAAAQiBAAAACGFkbWluX2lk\n	1416564118
087de958675a0fde6d45609f86b61fc79d433a35	BQgDAAAAAQiBAAAACGFkbWluX2lk\n	1416564118
f3342b3a3e4f41d40469b6a93f7468f55f593b7e	BQgDAAAAAQiBAAAACGFkbWluX2lk\n	1416564214
933a3d0863b0746480235f88d32b77611b715508	BQgDAAAAAQiBAAAACGFkbWluX2lk\n	1416905112
adfb752b954779a553669859d3858165ab495a8a	BQgDAAAAAQiBAAAACGFkbWluX2lk\n	1416845524
3ffae4389bad516376622f6d078bf36094de5fdb	BQgDAAAAAQiBAAAACGFkbWluX2lk\n	1416904951
0b3c32aa58889ce59b4d8e671066626b58d9e5c5	BQgDAAAAAQiSAAAACGFkbWluX2lk\n	1416888059
96a5c9b2fc4b2183494b7927af5a5adb13d57271	BQgDAAAAAQiBAAAACGFkbWluX2lk\n	1416819612
df033f4bb45e34bdfad372499ff059510e6ca842	BQgDAAAAAQiBAAAACGFkbWluX2lk\n	1416845542
81a359d4bfc82ede69d528f3887933b4ad60eedb	BQgDAAAAAQiSAAAACGFkbWluX2lk\n	1416888060
a43fd0649342257a6e073f488b9f2378f128b765	BQgDAAAAAQiBAAAACGFkbWluX2lk\n	1416581427
ec97caedec8cae0fcd57c01b07fcb2a4d11cd1b0	BQgDAAAAAQiBAAAACGFkbWluX2lk\n	1416818912
c471480193bb6958d9d1d27044bf7c37297dfa6c	BQgDAAAAAQiSAAAACGFkbWluX2lk\n	1416581428
899bb4011d9b4dc3ad82d1f2e9092d2ba5677c44	BQgDAAAAAQiBAAAACGFkbWluX2lk\n	1416581414
54e8a3755ab01d306f6172bfb98817fb5bdc25b4	BQgDAAAAAQiSAAAACGFkbWluX2lk\n	1416816462
1db9cf9dfcb3b9dcb1151946d87e0d45829258fa	BQgDAAAAAQiSAAAACGFkbWluX2lk\n	1416816463
2b56db5bcf12fb47b9a3bfe23ac06bc1ba95cbfc	BQgDAAAAAQiBAAAACGFkbWluX2lk\n	1416818921
a4a171f5c90c4775505b5f83c125171dbbcdfac3	BQgDAAAAAQiSAAAACGFkbWluX2lk\n	1416816463
b21d3ffcf003a8bbc44571fc349ffd19b82067f8	BQgDAAAAAQiSAAAACGFkbWluX2lk\n	1416816464
fff2a3242f2666dafb88c1a3b68d353b16d929a1	BQgDAAAAAQiSAAAACGFkbWluX2lk\n	1416628862
8e09b7b353c43dd15bf91f841904afbd9ed833f7	BQgDAAAAAQiSAAAACGFkbWluX2lk\n	1416628862
a6ea481f44abbcc81738846ba37770ea07c7ec74	BQgDAAAAAQiSAAAACGFkbWluX2lk\n	1416628863
c473422e9650a21acfd7c881686ee8d1200f7df0	BQgDAAAAAQiSAAAACGFkbWluX2lk\n	1416628863
5fa03a838ffd591b7965ae96946166dc90eb5fa4	BQgDAAAAAQiSAAAACGFkbWluX2lk\n	1416628863
166c2d2980d9345908dfb961f881d5e005ca9206	BQgDAAAAAQiSAAAACGFkbWluX2lk\n	1416628863
e821e8c6cbca328d870cd63e1f191972738e5501	BQgDAAAAAQiSAAAACGFkbWluX2lk\n	1416581431
e5a5477d8d35d2185e36dcacbdc5e2c32ba5d102	BQgDAAAAAQiSAAAACGFkbWluX2lk\n	1416816464
fa8f1a5bb01d0f05becf8b86c5a99836299ec125	BQgDAAAAAQiSAAAACGFkbWluX2lk\n	1416581431
e7a1ed88790a70b5d410a500ff7bd51e7dd962de	BQgDAAAAAQiSAAAACGFkbWluX2lk\n	1416581432
7d034afa22610ed88d7ac3430ed016555603f0ba	BQgDAAAAAQiSAAAACGFkbWluX2lk\n	1416816823
5feb922af160da589018ba05cf7e6ed43ec30de6	BQgDAAAAAQiSAAAACGFkbWluX2lk\n	1416581432
b53f34a0e6a47462140d11a5068e4c2f6bd68f52	BQgDAAAAAQiSAAAACGFkbWluX2lk\n	1416581432
be5191041b92070dbc6ab84e1bc2d5575d4c2658	BQgDAAAAAQiBAAAACGFkbWluX2lk\n	1416818951
eedbb9e3e932cf1cbca4235a3540e18d30e2e194	BQgDAAAAAQiSAAAACGFkbWluX2lk\n	1416581432
1a5b9a6ec656c51d607d9ca032d32a66cfca0896	BQgDAAAAAQiSAAAACGFkbWluX2lk\n	1416816713
f4b2eade8884107cb8a61eab508e3daae086af33	BQgDAAAAAQiSAAAACGFkbWluX2lk\n	1416816812
7fede66f470a280738e5b75779a7bdebcb80773d	BQgDAAAAAQiSAAAACGFkbWluX2lk\n	1416888060
14fe03e7fbc4e82c13eb980473241cbf07f22391	BQgDAAAAAQiSAAAACGFkbWluX2lk\n	1416816813
f9688d9d05443c20cfee7a65e4bcefbccbdc1983	BQgDAAAAAQiBAAAACGFkbWluX2lk\n	1416585667
ec76ed147c79bf05048e51f4a9124b35a3764b8e	BQgDAAAAAQiSAAAACGFkbWluX2lk\n	1416816782
94b867d74465b47433814ec56ba279a8dcabfa97	BQgDAAAAAQiSAAAACGFkbWluX2lk\n	1416816813
85e361b6636d9d0aeb3b3a9cadf4dda015105e37	BQgDAAAAAQiBAAAACGFkbWluX2lk\n	1416845349
fc71029475bdbf45a22fb2efb8e7a9e7ff11fb70	BQgDAAAAAQiSAAAACGFkbWluX2lk\n	1416816813
24fba1659db6ccaefa080cc7e302ac102666557a	BQgDAAAAAQiBAAAACGFkbWluX2lk\n	1416819030
2c62d686a72c738d887b78f06816e992c4da76a1	BQgDAAAAAQiSAAAACGFkbWluX2lk\n	1416816813
12b2654dd14c80741271b2cec84df9c880ff6c4c	BQgDAAAAAQiSAAAACGFkbWluX2lk\n	1416816813
c50d9841203baa067c13a7caf5f38850c82662f7	BQgDAAAAAQiBAAAACGFkbWluX2lk\n	1416819075
f25511e3bbd4abff863723d2360cfde354fd5f1f	BQgDAAAAAQiBAAAACGFkbWluX2lk\n	1416819116
e0365fe8e2b670084899d36d133bb0833a439506	BQgDAAAAAQiBAAAACGFkbWluX2lk\n	1416819533
45cf813b660e7907fbdb40406fec30a8ea3cd04e	BQgDAAAAAQiSAAAACGFkbWluX2lk\n	1416888060
4a958a8e29767aa1fa134c977df77145111d7e29	BQgDAAAAAQiBAAAACGFkbWluX2lk\n	1416845360
07f4ea345fd5c76c22b6d8d41aff269c7f1e2645	BQgDAAAAAQiBAAAACGFkbWluX2lk\n	1416826149
1d4d759495e7c23f6c3477110da41cc16d6cd371	BQgDAAAAAQiSAAAACGFkbWluX2lk\n	1416888060
ddcbe9166b74402876dac1b1c855ab844543b4c9	BQgDAAAAAQiSAAAACGFkbWluX2lk\n	1416888060
fe6a906c149f88539f4310ae213091f7bb0b7c53	BQgDAAAAAQiBAAAACGFkbWluX2lk\n	1416904582
e645b5076d4679e0d963ff0e2898bfe2c69caa21	BQgDAAAAAQiBAAAACGFkbWluX2lk\n	1416904875
3805f4089d47055ae42100b07ed55cd57a255e5d	BQgDAAAAAQiBAAAACGFkbWluX2lk\n	1416905094
f64079fc37b947b526136ab0cb92f51b501ef492	BQgDAAAAAQiBAAAACGFkbWluX2lk\n	1416905058
f322965bff8ed957c6b4109415b1c673778be5a6	BQgDAAAAAQiBAAAACGFkbWluX2lk\n	1416904898
c624281306a067aaf30e501530363d6b48be71f5	BQgDAAAAAQiBAAAACGFkbWluX2lk\n	1416905252
1554e7d94c4dc4f136dc3b710048d25aae216176	BQgDAAAAAQiBAAAACGFkbWluX2lk\n	1416905278
ed0cb35f37fdcc2292fd6e7e17b76719ff92444c	BQgDAAAAAQiBAAAACGFkbWluX2lk\n	1416905320
a8b10e9765a298dac842ecd04dc8ca0864e0fe9e	BQgDAAAAAQiBAAAACGFkbWluX2lk\n	1416905340
838c8f55e59d8165e177b6428977167c2ae7367f	BQgDAAAAAQiBAAAACGFkbWluX2lk\n	1416905942
fecd3d181b6960deab1287e2eff3158b9fe356f7	BQgDAAAAAQiBAAAACGFkbWluX2lk\n	1416905998
897ba8bba6fe9879435e882c4322cbb350198205	BQgDAAAAAQiBAAAACGFkbWluX2lk\n	1416906049
2b4b0524eb88c593cbb3cde5129ae5900f329c1f	BQgDAAAAAQiBAAAACGFkbWluX2lk\n	1416906078
9fc56c7136b23bf984b5ef373f50077662433b60	BQgDAAAAAQiBAAAACGFkbWluX2lk\n	1416906095
0996fed95ac7b55fc2ca83e14749a0d2adee8a55	BQgDAAAAAQiBAAAACGFkbWluX2lk\n	1416906101
a9bbe6c5da41a095fa2d9f34d698c4d74f85e9f5	BQgDAAAAAQiBAAAACGFkbWluX2lk\n	1416906108
5c3a4495c0423db144f4093f8f7f79a24d9e175e	BQgDAAAAAQiSAAAACGFkbWluX2lk\n	1416910908
84e0479d2c61ec40547260e190b0db094d5f5234	BQgDAAAAAQiBAAAACGFkbWluX2lk\n	1417078411
57f70f363452aa5c63756909ca0915d4d68f76df	BQgDAAAAAQiBAAAACGFkbWluX2lk\n	1416906169
2c161b07aa19bf6fc2e794ad2e1f2bc9e4ff2704	BQgDAAAAAQiBAAAACGFkbWluX2lk\n	1416906176
04d6bc2715e69f0874503abe8def19761ee098b2	BQgDAAAAAQiBAAAACGFkbWluX2lk\n	1416914949
7c121950addd76e9d8f0c064b7c6aa2e5b2d7b50	BQgDAAAAAQiBAAAACGFkbWluX2lk\n	1416916407
2487755bd86131181622697e800f7ced315f4c17	BQgDAAAAAQiBAAAACGFkbWluX2lk\n	1416916484
e0d734bfda56dafe7dd7b3d97a915842006ed390	BQgDAAAAAQiBAAAACGFkbWluX2lk\n	1416916521
5042c090411cf83000bb3026476e749bb0fead96	BQgDAAAAAQiDAAAACGFkbWluX2lk\n	1416908701
b453699a4123a31cfbc70c489bdeda920b62543b	BQgDAAAAAQiBAAAACGFkbWluX2lk\n	1416908834
7f645c02430fe87486e3ecde30f7bac629e9f8df	BQgDAAAAAQiBAAAACGFkbWluX2lk\n	1416908860
a77405960fbb50939cac625bd84a460a766b7c10	BQgDAAAAAQiBAAAACGFkbWluX2lk\n	1416911007
ca9e1f7dac1d3e91363f13381ef585275ce2f49d	BQgDAAAAAQiBAAAACGFkbWluX2lk\n	1416916538
bba333777d0acf793b894aaf1a60d61dfa9d180f	BQgDAAAAAQiBAAAACGFkbWluX2lk\n	1416911080
aada2811692fb2c66e47e6da0478a15cedda70b0	BQgDAAAAAQiBAAAACGFkbWluX2lk\n	1416906627
f465977516f8a4d283320bcc7bc79c3c3a254d02	BQgDAAAAAQiDAAAACGFkbWluX2lk\n	1416909312
729fbf3488ba8c02e999ddfdeab6fdde7d462c48	BQgDAAAAAQiSAAAACGFkbWluX2lk\n	1416906650
78b04ceea0b223a263c61ebf79315afcfb64201f	BQgDAAAAAQiSAAAACGFkbWluX2lk\n	1416909393
ae4dd1a32d24022e0a9235e0e3dd9855debf08de	BQgDAAAAAQiBAAAACGFkbWluX2lk\n	1416911091
b8b3d227175cc8f97f6eaeddfaba707c9c309fb7	BQgDAAAAAQiBAAAACGFkbWluX2lk\n	1416906664
446402b65e630eb384130eb6e6a865b5c06e799b	BQgDAAAAAQiBAAAACGFkbWluX2lk\n	1416920298
54b30cdf04428b5f08abca31f593922f1f8357bf	BQgDAAAAAQiBAAAACGFkbWluX2lk\n	1416916014
443d0d01d18190691604ce914bb4ce2f2a374479	BQgDAAAAAQiBAAAACGFkbWluX2lk\n	1416907421
e8009af660eea4bbc74abb41c3ac593a2e55f2a9	BQgDAAAAAQiBAAAACGFkbWluX2lk\n	1416907514
295e90051d55ea916fb86b4f88eeac4b99da1197	BQgDAAAAAQiSAAAACGFkbWluX2lk\n	1416911163
b6bc3b1eab9ccae4de3459c7af19bfd08cd326fc	BQgDAAAAAQiBAAAACGFkbWluX2lk\n	1417003210
aa13bbc1186b1febe60454cfa1063079e85d0b18	BQgDAAAAAQiBAAAACGFkbWluX2lk\n	1416911315
c94ea80926ee190dd3222a3beaa592dadfdcfa85	BQgDAAAAAQiBAAAACGFkbWluX2lk\n	1417004449
44138f6a8338092b49af480e912347cb52e0b631	BQgDAAAAAQiBAAAACGFkbWluX2lk\n	1416916083
ef5925e19d59fa396ffe4d7f2632b5355d9c018a	BQgDAAAAAQiBAAAACGFkbWluX2lk\n	1416907605
3f9f8eb5361cb637b9e119804b5c29b38e3be74e	BQgDAAAAAQiBAAAACGFkbWluX2lk\n	1416910585
928254ad82ea9c1b09c48853e4ad208eb2f9d298	BQgDAAAAAQiSAAAACGFkbWluX2lk\n	1416974465
c83a67bbdcf9f7d00ee127f022d4dd369b149070	BQgDAAAAAQiSAAAACGFkbWluX2lk\n	1416910691
c9e5880f44d2fb8b539fba4476b738b8ba289fb9	BQgDAAAAAQiSAAAACGFkbWluX2lk\n	1416974466
72827bc5813c4b47719ced23da9cbfe87e1891d2	BQgDAAAAAQiSAAAACGFkbWluX2lk\n	1416910885
914d552c9b95b3f426633b945847f3b592f3cd71	BQgDAAAAAQiSAAAACGFkbWluX2lk\n	1416974466
c2125bb5eb916a1262f64e32ae7b826f94aee436	BQgDAAAAAQiBAAAACGFkbWluX2lk\n	1416910903
38dd2882dc247b8ad532c342d329afe331c68891	BQgDAAAAAQiDAAAACGFkbWluX2lk\n	1416916598
db7c66e9b4c5bec223c6e508930ec81f8e3952e6	BQgDAAAAAQiBAAAACGFkbWluX2lk\n	1416915697
94bed77b9135e98fe5db0edd5a6db317060b3d1f	BQgDAAAAAQiBAAAACGFkbWluX2lk\n	1416915785
22631ccf6f08dd01f3a597dc2d68856e87cb9ab4	BQgDAAAAAQiSAAAACGFkbWluX2lk\n	1416914528
2ebecea060c23a666d9ff3b8a6ecef1cf2445a4a	BQgDAAAAAQiBAAAACGFkbWluX2lk\n	1416915831
66423f532b70bfc78f8028116aeb3bca6261ba25	BQgDAAAAAQiBAAAACGFkbWluX2lk\n	1416916748
3fa57203e14961cf7d80bdfda2c2010b504b6c3e	BQgDAAAAAQiBAAAACGFkbWluX2lk\n	1416916903
29a7cec757a64aa21bc427c5c78122860097e22b	BQgDAAAAAQiDAAAACGFkbWluX2lk\n	1416916776
3b944b146402435127533e341dc70cfb73ede295	BQgDAAAAAQiDAAAACGFkbWluX2lk\n	1416925618
25c2d89849e0b0ba2891661218584bae78594080	BQgDAAAAAQiDAAAACGFkbWluX2lk\n	1416916916
6be03c7f36ae3bf02b42bf82836b23e0d9f8df02	BQgDAAAAAQiSAAAACGFkbWluX2lk\n	1416974466
6beb7fe5fd4ea0347e06edebe4a02d4513417e22	BQgDAAAAAQiSAAAACGFkbWluX2lk\n	1416974466
60b9f80bf572ab2bd2a4d3908005c5bd2d72e5f5	BQgDAAAAAQiSAAAACGFkbWluX2lk\n	1416974466
303ce36efff562b0efb8aaa02e5d0f7f19f24817	BQgDAAAAAQiBAAAACGFkbWluX2lk\n	1416931267
8f8cf2015614815adb9a68a70a2ecc7a1f2aa7b1	BQgDAAAAAQiBAAAACGFkbWluX2lk\n	1417077180
3fdc49b6283e331cefd757a4d32b1abf6fadf7b9	BQgDAAAAAQiBAAAACGFkbWluX2lk\n	1417078511
972a6d2cdb51b6f181ff9e6cbef67e335298c238	BQgDAAAAAQiBAAAACGFkbWluX2lk\n	1417078583
599b9eaaa2455081640d68ddd4777587f02516cb	BQgDAAAAAQiBAAAACGFkbWluX2lk\n	1417078583
fbb65b541f01f6b6abe327419aff4b754ebbbb33	BQgDAAAAAQiBAAAACGFkbWluX2lk\n	1417015935
ac60ce57c96e9eda63c274db66793af28c7d97a7	BQgDAAAAAQiBAAAACGFkbWluX2lk\n	1417078872
727aea8a1d56c33d868217d8371bb66bb0239794	BQgDAAAAAQiBAAAACGFkbWluX2lk\n	1417078754
fb4abfcd9df0f13f4f01268d387cbc81a051807e	BQgDAAAAAQiBAAAACGFkbWluX2lk\n	1417078925
08e6bb9a9ba68dbcab8e9c2f61e3e81cf3eb9a91	BQgDAAAAAQiBAAAACGFkbWluX2lk\n	1417078754
d1a3dab1eb614ccc96dc7a198e0348820867b2bf	BQgDAAAAAQiBAAAACGFkbWluX2lk\n	1417078872
7421b2e11121f0d7837b1adc21a6bb03e1cbba22	BQgDAAAAAQiBAAAACGFkbWluX2lk\n	1417079511
0935b245f01b46a820aa9edda18be24baeb87a4d	BQgDAAAAAQiBAAAACGFkbWluX2lk\n	1417078925
b255f80d3781d8fe60e3823e381333805919ca89	BQgDAAAAAQiBAAAACGFkbWluX2lk\n	1417078981
09ce1f3c0cf9c89e2f36a7cba8a9e25751b7046b	BQgDAAAAAQiBAAAACGFkbWluX2lk\n	1417079027
1975b831e7da319e90f696608ee781a71fd9a7cf	BQgDAAAAAQiBAAAACGFkbWluX2lk\n	1417079027
8b8d78699e0d1a2aed732d5898e5344e573ba682	BQgDAAAAAQiBAAAACGFkbWluX2lk\n	1417079512
4000efcce685ed38051716946893e5a1f2d9980f	BQgDAAAAAQiSAAAACGFkbWluX2lk\n	1417184308
5e4433bf57d6194b1b766d6fba7f87305a994575	BQgDAAAAAQiSAAAACGFkbWluX2lk\n	1417184158
8bdd8eb1a0ca4b22a6d39934b8920bdcf4681db6	BQgDAAAAAQiSAAAACGFkbWluX2lk\n	1417169303
bd7014b70071067c69ebc022db717d493a1be95c	BQgDAAAAAQiSAAAACGFkbWluX2lk\n	1417184293
d3d45e46f7009cece9c88ec39274161938037046	BQgDAAAAAQiBAAAACGFkbWluX2lk\n	1417183990
dcdaca2c4acd669b928b837cdd4c56a8e5968b73	BQgDAAAAAQiSAAAACGFkbWluX2lk\n	1417184048
19e4992c408b208b8297ef2593373dc92808c499	BQgDAAAAAQiBAAAACGFkbWluX2lk\n	1417102912
1b33cbfa2cc1e87e59aefc978e8b59f1a921aa66	BQgDAAAAAQiBAAAACGFkbWluX2lk\n	1417102915
a415043c06104469b9cf3f1ec0b558d2e7b88fcf	BQgDAAAAAQiBAAAACGFkbWluX2lk\n	1417104671
6dbede12c883df8dc1bcdcc0590680a6f0fe85c9	BQgDAAAAAQiSAAAACGFkbWluX2lk\n	1417184011
d1e12c61501f39d74bc19a920a37f6adde199d06	BQgDAAAAAQiSAAAACGFkbWluX2lk\n	1417169923
d3e059ad6263556815647802218ddecc413c87d0	BQgDAAAAAQiSAAAACGFkbWluX2lk\n	1417183998
be27f247fc46f39dc7a7f8188eae18ef5fd951e4	BQgDAAAAAQiSAAAACGFkbWluX2lk\n	1417184086
1b31b40ec5a7bdedacd0c90b5ef3d31de90b1bb0	BQgDAAAAAQiSAAAACGFkbWluX2lk\n	1417184050
4ae1ffa8785cf3b57ab0d7d3fe24386a579f3e69	BQgDAAAAAQiSAAAACGFkbWluX2lk\n	1417184182
0e6d075796a71f7b468ba25005f0dacd573bbf64	BQgDAAAAAQiSAAAACGFkbWluX2lk\n	1417184076
9e65f96254545705ed580a61cecca1b2dab8b69a	BQgDAAAAAQiSAAAACGFkbWluX2lk\n	1417184570
52045553ef55cfc6302a2828192397be4b0a3523	BQgDAAAAAQiSAAAACGFkbWluX2lk\n	1417169300
c80af87b6967932ab0a0561c0b771e590e05850e	BQgDAAAAAQiSAAAACGFkbWluX2lk\n	1417184041
1bcdf8e9c497b9bbe113063dc722a5fbba8ebdd0	BQgDAAAAAQiSAAAACGFkbWluX2lk\n	1417184007
edddd0173a3076bd02ac88ad185c32eabe084e85	BQgDAAAAAQiSAAAACGFkbWluX2lk\n	1417184293
87a4b101c64549affb66c7457a182f12d5819f42	BQgDAAAAAQiSAAAACGFkbWluX2lk\n	1417184069
657c4330aaabdefdc3eb2d7bcfc2302d5e7d99ce	BQgDAAAAAQiSAAAACGFkbWluX2lk\n	1417169301
302b8c9d5dff9cbd7254c7f111559075dcf65819	BQgDAAAAAQiSAAAACGFkbWluX2lk\n	1417169301
0318688dce349be9ca23516df52085499ae0f785	BQgDAAAAAQiBAAAACGFkbWluX2lk\n	1417169237
0bd9db9dd6afa94fcf08cc0796958ac8fb98229d	BQgDAAAAAQiSAAAACGFkbWluX2lk\n	1417184066
f0e54c2b6eec3afc6300c2aa0fa2378e409f4fc1	BQgDAAAAAQiSAAAACGFkbWluX2lk\n	1417184309
37f17c71a0166cb4917bec672339451ccd71359a	BQgDAAAAAQiSAAAACGFkbWluX2lk\n	1417183995
e25ce4911486ed0731669af89c84810077a48be7	BQgDAAAAAQiSAAAACGFkbWluX2lk\n	1417183995
ccbed5637e5034238c94943278e296ed301febbd	BQgDAAAAAQiBAAAACGFkbWluX2lk\n	1417086851
87b3811c68b07f3ec69c6481a3735d5f4708fe1d	BQgDAAAAAQiBAAAACGFkbWluX2lk\n	1417086857
17a5426368861d94b5227ba35be88243321ad487	BQgDAAAAAQiBAAAACGFkbWluX2lk\n	1417183984
7aaa0f94d2901e9be752440f9a91c20f1aaba45b	BQgDAAAAAQiBAAAACGFkbWluX2lk\n	1417086886
2f4eb073e9c1bb3499d2d4d2f51d693410a5b7c5	BQgDAAAAAQiSAAAACGFkbWluX2lk\n	1417169302
ab789bdae9bdd4e7f428a725c960a3b612fae7d1	BQgDAAAAAQiSAAAACGFkbWluX2lk\n	1417183995
02de893775dadf8e13fafa8ba81bfe7c00b833ee	BQgDAAAAAQiSAAAACGFkbWluX2lk\n	1417184020
0ed4c137594dd5df843bde32a15ec4700fb6de39	BQgDAAAAAQiSAAAACGFkbWluX2lk\n	1417183995
67cc994bde323933fed199cc6b21ed8cca62f938	BQgDAAAAAQiBAAAACGFkbWluX2lk\n	1417184510
0baba258e91b9c44bbb898d8c7663ffd545be8e3	BQgDAAAAAQiSAAAACGFkbWluX2lk\n	1417184301
f7c893e0cb17b80b54a147f54c3519283fd00cc2	BQgDAAAAAQiSAAAACGFkbWluX2lk\n	1417184091
65f5a2c713d8aa98e6f38efaa0922e435f60c060	BQgDAAAAAQiSAAAACGFkbWluX2lk\n	1417184103
942366057767974c8a90d58eebdd7d8f664aae96	BQgDAAAAAQiSAAAACGFkbWluX2lk\n	1417184107
572d53f8e3c9d39d14868e7c3792e941ca309c3e	BQgDAAAAAQiSAAAACGFkbWluX2lk\n	1417184147
d5db23868ae404fd63a55087630fe8f23c53537a	BQgDAAAAAQiSAAAACGFkbWluX2lk\n	1417184015
2ffd6895b87c57fae9898854f09280e666c44e20	BQgDAAAAAQiSAAAACGFkbWluX2lk\n	1417184113
97233460b120fcae56edd94d1ba2f996cb08ce16	BQgDAAAAAQiSAAAACGFkbWluX2lk\n	1417184060
57c932dcdc2ae12c0f2dc9ee2a62713aa33b0cca	BQgDAAAAAQiSAAAACGFkbWluX2lk\n	1417184122
97afaebfa74453ce6b1c4e5c0c31d5527c913461	BQgDAAAAAQiSAAAACGFkbWluX2lk\n	1417184132
ee53de6169ba289aa106903b2cfcfa5c659ecd71	BQgDAAAAAQiSAAAACGFkbWluX2lk\n	1417184162
cdb1f477f0499887c830c25ce7f988d92a3b5bc9	BQgDAAAAAQiSAAAACGFkbWluX2lk\n	1417184195
e3cf24e653c81b26c1b4cdc5820c840b89c61277	BQgDAAAAAQiSAAAACGFkbWluX2lk\n	1417184317
08bb8679cce7fa9b608316f5e1e0ad0a638b27b1	BQgDAAAAAQiSAAAACGFkbWluX2lk\n	1417184322
e7b5954bc47ad3eba7a395dd220fcf9d5ec0a72f	BQgDAAAAAQiSAAAACGFkbWluX2lk\n	1417184309
4a3f90126d1c02d4b02c2ed68375233ab44229d6	BQgDAAAAAQiSAAAACGFkbWluX2lk\n	1417184169
fac857de92e76108a55222ec674030bb76af18e4	BQgDAAAAAQiSAAAACGFkbWluX2lk\n	1417184207
7e4a73202fe59f1d63de8322c78c4e4cb9d1f335	BQgDAAAAAQiBAAAACGFkbWluX2lk\n	1417184329
15120edbd8c1b9a2b22a052df181db4b1f455957	BQgDAAAAAQiSAAAACGFkbWluX2lk\n	1417184292
3a9a48b5b66ab5b7b43b7aea0aa2d043688c69c3	BQgDAAAAAQiBAAAACGFkbWluX2lk\n	1417184294
1d0634c12efb24889f4b8f120d728b784fccd1a1	BQgDAAAAAQiSAAAACGFkbWluX2lk\n	1417184301
e0bcb5c0af2a04ed9115933ff7eccc7ff2ca54bd	BQgDAAAAAQiSAAAACGFkbWluX2lk\n	1417184309
8e00daf30c9c8d8fa8ad4e2f4a1cdd030a54326f	BQgDAAAAAQiSAAAACGFkbWluX2lk\n	1417184316
f4bd16df21719255e07747f64c7248f559b580e5	BQgDAAAAAQiBAAAACGFkbWluX2lk\n	1417184377
412903a9ee3583fe86f4bed9de52ae40f685e46b	BQgDAAAAAQiBAAAACGFkbWluX2lk\n	1417184545
41b254353c954008b2d445688e52342004beef84	BQgDAAAAAQiBAAAACGFkbWluX2lk\n	1417184530
cdfee4ac89984e99b14e4be632294d619cea4e6e	BQgDAAAAAQiBAAAACGFkbWluX2lk\n	1417184569
207525f9c7a3003cd9a0162536c259752f0da950	BQgDAAAAAQiSAAAACGFkbWluX2lk\n	1417184574
68e956358313c51434b9b3ee3dbbf4609d7c79e1	BQgDAAAAAQiSAAAACGFkbWluX2lk\n	1417184574
c704b339d48ee4e888ac0c6f25276459f13dd1f0	BQgDAAAAAQiSAAAACGFkbWluX2lk\n	1417184575
cb52c1f013aed6c141fd9124f3967a662ec7cbeb	BQgDAAAAAQiSAAAACGFkbWluX2lk\n	1417184575
2eb49069f709f1e68e6d3ed1f069f3480293ae21	BQgDAAAAAQiSAAAACGFkbWluX2lk\n	1417184575
29fb6e44977349a74101e3dfffc8b55e30245b9f	BQgDAAAAAQiSAAAACGFkbWluX2lk\n	1417184607
71632befd960f65dd197101c5f73b2cf8e491f71	BQgDAAAAAQiSAAAACGFkbWluX2lk\n	1417233667
78124fea479f5c9f49e0196c769c6eea61de5cbd	BQgDAAAAAQiSAAAACGFkbWluX2lk\n	1417233667
f231877b8b9d1a4cf16d06771afb4f87949b6b24	BQgDAAAAAQiSAAAACGFkbWluX2lk\n	1417233667
5d87b00930e623340e1da7a3f0ded809a07b6c25	BQgDAAAAAQiBAAAACGFkbWluX2lk\n	1417430421
6b7506d23fbdeb8ff56e51a1afeba76d12bdb7a5	BQgDAAAAAQiBAAAACGFkbWluX2lk\n	1417185863
fc3a9be21711c8c2dbfaa1583f5ca55cd186d841	BQgDAAAAAQiBAAAACGFkbWluX2lk\n	1417509767
c3dfacfd8736c496af54fa01bfd9c9ed550e6110	BQgDAAAAAQiBAAAACGFkbWluX2lk\n	1417185210
5ff6cdf1ff712695c5e6322d1e03e26cd5519e2e	BQgDAAAAAQiSAAAACGFkbWluX2lk\n	1417492856
f2dd89c2de9863f7b45f39616b103223b72c2efe	BQgDAAAAAQiSAAAACGFkbWluX2lk\n	1417492856
ff5c986ac1b7f344b7f1390edef387c9f8d5a072	BQgDAAAAAQiBAAAACGFkbWluX2lk\n	1417186821
84be06548fc84d0b0837eb33fd9ff9cca45b7220	BQgDAAAAAQiBAAAACGFkbWluX2lk\n	1417190472
cb05f699d25c239d21133fe62378824d4ed6e1d0	BQgDAAAAAQiSAAAACGFkbWluX2lk\n	1417492856
f4ebc0d4dc6e767958d0abe5093485c80171f594	BQgDAAAAAQiSAAAACGFkbWluX2lk\n	1417184610
363b3acce73b0cbb731e0ae5572e26edce61d4e3	BQgDAAAAAQiSAAAACGFkbWluX2lk\n	1417492856
3f76327e893165be5e0576ba2c555e018d6955ba	BQgDAAAAAQiSAAAACGFkbWluX2lk\n	1417184610
ef5172c89571c211d790a0fb160ba58e6289e85f	BQgDAAAAAQiSAAAACGFkbWluX2lk\n	1417492856
a49f47f06648d82c4a7592def51fd349685953da	BQgDAAAAAQiSAAAACGFkbWluX2lk\n	1417184610
f796bad42a189c10f2cd5de695b95911a04e3e5d	BQgDAAAAAQiSAAAACGFkbWluX2lk\n	1417185707
181492f987769a55c9758d4cc02772b404400e20	BQgDAAAAAQiSAAAACGFkbWluX2lk\n	1417184610
ff59dcf72278a174566883ff8b000e323a020bde	BQgDAAAAAQiSAAAACGFkbWluX2lk\n	1417184611
27e3bdf6ecbb2404c04346218107530e508811aa	BQgDAAAAAQiBAAAACGFkbWluX2lk\n	1417449664
a098ee714cb239b33ed6d8b018f41efec0843e19	BQgDAAAAAQiSAAAACGFkbWluX2lk\n	1417492856
47b500ed46be3202a35cbe8049acc2fbea28bb7d	BQgDAAAAAQiSAAAACGFkbWluX2lk\n	1417186043
037311e5dfa4569b33e353d18dc9aed493f1650a	BQgDAAAAAQiSAAAACGFkbWluX2lk\n	1417185203
8dee11f4daf0bc74ab0eeae6ec0429acbe3acd35	BQgDAAAAAQiBAAAACGFkbWluX2lk\n	1417185773
8a864d6af9f75dceb97d5289378e6dbb00d09495	BQgDAAAAAQiBAAAACGFkbWluX2lk\n	1417435172
b845ab16ebb7c8232666fc5116e3aa8f9038b716	BQgDAAAAAQiBAAAACGFkbWluX2lk\n	1417444668
21056b1c2a5a1db4f934d3dba2c9a7ccda3f4907	BQgDAAAAAQiSAAAACGFkbWluX2lk\n	1417185203
c6b095ee56d93456b559f08746a2a7672e8586d8	BQgDAAAAAQiBAAAACGFkbWluX2lk\n	1417445114
6577d9d3af97d0f3c8342ae24883797e33a125a7	BQgDAAAAAQiSAAAACGFkbWluX2lk\n	1417185204
04d957bbe1cdf02ff5e40dc3d91499433f00b0d8	BQgDAAAAAQiBAAAACGFkbWluX2lk\n	1417450845
2a2dfc8821842122392127d15f12a324ae107aa9	BQgDAAAAAQiSAAAACGFkbWluX2lk\n	1417185204
ae7b431539a1d60696748e55740c777007f0a113	BQgDAAAAAQiSAAAACGFkbWluX2lk\n	1417185204
1b9885c3987c9a7b96a49b4da54ff554bca47e4a	BQgDAAAAAQiSAAAACGFkbWluX2lk\n	1417185205
eee8d0bd686e4e3129834262b401b5cc5571639b	BQgDAAAAAQiBAAAACGFkbWluX2lk\n	1417446043
18c354905422035dd67746a045085ef95e8b5328	BQgDAAAAAQiSAAAACGFkbWluX2lk\n	1417185823
7402ff1ec7ba87277bd701725403a0da8d317f09	BQgDAAAAAQiSAAAACGFkbWluX2lk\n	1417233667
9d619d6e90ceb13477eea32588c01b9838081724	BQgDAAAAAQiSAAAACGFkbWluX2lk\n	1417233667
ab617c7770c16ff8b5035c18adc33d6b4c253394	BQgDAAAAAQiSAAAACGFkbWluX2lk\n	1417233667
28f46de030635d9cbd72344f8b734962491135c2	BQgDAAAAAQiBAAAACGFkbWluX2lk\n	1417449525
6bd7706605928ea8a538c09d08bb64d0514a59c8	BQkDAAAAAQiBAAAACGFkbWluX2lk\n	1417513248
11fdac02f9b2da4d98196d0ee2f92abd8f036843	BQkDAAAAAQiBAAAACGFkbWluX2lk\n	1417521835
f276b663864246527bee49790c6a70c2640d1fcf	BQkDAAAAAQiBAAAACGFkbWluX2lk\n	1417520314
4ce7225ef62a1e93d3d97d4a1b7faaab3fe5c1e5	BQkDAAAAAQiBAAAACGFkbWluX2lk\n	1417520364
e7a70905b330eab1f7a01068881e3f6fcfd78883	BQkDAAAAAQiBAAAACGFkbWluX2lk\n	1417518195
5789221f2ef58db3989d716e805f30c71a9fd486	BQkDAAAAAQiBAAAACGFkbWluX2lk\n	1417521707
c48b077858f4db4d2dc48156a2f4e6ee2a9bb854	BQkDAAAAAQiBAAAACGFkbWluX2lk\n	1417521744
168b9545f6e40e994e3e30147a7b6a3dd21d882b	BQkDAAAAAQiKAAAACGFkbWluX2lk\n	1417517310
6de846891836be2c4f620e341c64b0a97230555d	BQkDAAAAAQiBAAAACGFkbWluX2lk\n	1417516419
1b809b4fd363ccb3ddb0dc0c25e43f74f0b54c62	BQkDAAAAAQiBAAAACGFkbWluX2lk\n	1417523245
facf4e6e509c3addd0ccfee038149eac53cd8ce0	BQkDAAAAAQiBAAAACGFkbWluX2lk\n	1417528799
9d49c15bff93628f87ae1398ddde9db403df9697	BQkDAAAAAQiBAAAACGFkbWluX2lk\n	1417518226
0716479ca1c5633a07b71fbe720797d8ff7e3186	BQkDAAAAAQiBAAAACGFkbWluX2lk\n	1417518465
9c239306fab0f19a3d9694953b5990a0fd94b7b5	BQkDAAAAAQiBAAAACGFkbWluX2lk\n	1417516045
12731d07f985c65f523a10849a06dcf81f8566ef	BQkDAAAAAQiBAAAACGFkbWluX2lk\n	1417519822
271f7f4a6e1b01dc35f5e9a83e51caa45258a7b5	BQkDAAAAAQiBAAAACGFkbWluX2lk\n	1417526722
291f12f8ff7d68ca04b3d6e84f4a83802e435b62	BQkDAAAAAQiBAAAACGFkbWluX2lk\n	1417526763
4f4d7cc7e44d66fcdc8450e37db514c360c35d9b	BQkDAAAAAQiBAAAACGFkbWluX2lk\n	1417526778
1970a98ecd01478e65b53cbdf2f5e061dacdeac1	BQgDAAAAAQiBAAAACGFkbWluX2lk\n	1417771383
24c037e23e8afa9aa97ab847ea24712f8ca997c7	BQgDAAAAAQiBAAAACGFkbWluX2lk\n	1417771392
077cdd1b9b5cd25e9fbb25a0a81dec0c7772b32d	BQgDAAAAAQiSAAAACGFkbWluX2lk\n	1417772059
aac221881778be7a896e65df775c49dfa59c8b5c	BQgDAAAAAQiSAAAACGFkbWluX2lk\n	1417772057
d065c09a3112087fabe2823bb419ce7f28054b16	BQgDAAAAAQiSAAAACGFkbWluX2lk\n	1417772059
785f242a4fb37778b5c7c02d0d7dd6e963e2b321	BQgDAAAAAQiSAAAACGFkbWluX2lk\n	1417772059
0ebda27ecd433ca15b6addbf04e6da14f13e53a4	BQgDAAAAAQiBAAAACGFkbWluX2lk\n	1417772028
ca17d03e8d0bf008338bab356ff1fd8b7aaa458a	BQgDAAAAAQiSAAAACGFkbWluX2lk\n	1417772059
62114dbf4d99084379eacf36cc390c5984b9341e	BQgDAAAAAQiSAAAACGFkbWluX2lk\n	1417771713
dc2dc134825c9f2b78cd0498c009db86f9ebaea0	BQgDAAAAAQiSAAAACGFkbWluX2lk\n	1417771714
211c4a5c08ed80f8b210fd5994fec873d03c8c5f	BQgDAAAAAQiSAAAACGFkbWluX2lk\n	1417771714
8e87e02dbcefb8a12c2159b677e84622cb625cae	BQgDAAAAAQiSAAAACGFkbWluX2lk\n	1417771714
8ee2e529c050e3d23bde0e5f7318285ef999e4bd	BQgDAAAAAQiSAAAACGFkbWluX2lk\n	1417771714
d12a6f79e4f0683397ce3093c639c4ba1fee7efa	BQgDAAAAAQiSAAAACGFkbWluX2lk\n	1417771714
52b97bfca330282bebcba3713626a85f6e742119	BQgDAAAAAQiSAAAACGFkbWluX2lk\n	1417772029
569b35ecb953f716677de32e2fc3ee27d7873174	BQgDAAAAAQiSAAAACGFkbWluX2lk\n	1417772030
2768171bd1716906201b72db6bbc43f6f428338b	BQgDAAAAAQiSAAAACGFkbWluX2lk\n	1417771701
c88d6f532383abd8c9fd11a9b620f7c552ba8929	BQgDAAAAAQiSAAAACGFkbWluX2lk\n	1417771701
041e7aa0501bb3f1d0a044e2b03225732877b24c	BQgDAAAAAQiSAAAACGFkbWluX2lk\n	1417771701
2c2c159b2bd94c1bd220c7b5c7a9a6b334d99265	BQgDAAAAAQiSAAAACGFkbWluX2lk\n	1417771701
dc586c20956dd9f5418b8cd8b391a01268e4d610	BQgDAAAAAQiSAAAACGFkbWluX2lk\n	1417771500
c1703eecd3861ec22868bc80712707fa68db3f4f	BQgDAAAAAQiSAAAACGFkbWluX2lk\n	1417771500
99c2ad2cf6595184c197d0bb6402f230a74e7aef	BQgDAAAAAQiSAAAACGFkbWluX2lk\n	1417771500
b48c50001ffa6bfff7ab7525f1f9d7e7dfcb5e94	BQgDAAAAAQiSAAAACGFkbWluX2lk\n	1417771500
54a177df08cf4a22926002c00e098906a68623c6	BQgDAAAAAQiSAAAACGFkbWluX2lk\n	1417771501
8125bae3ad1f8bab881d37e3f0493954b6d1e4b2	BQgDAAAAAQiSAAAACGFkbWluX2lk\n	1417771701
68e2b672602a7067a877f5ff4d4ab7c0facb654a	BQgDAAAAAQiSAAAACGFkbWluX2lk\n	1417771701
f3eefc73ba5ebb3e2aa8eafc36453e498425568a	BQgDAAAAAQiSAAAACGFkbWluX2lk\n	1417771505
27dbeccc9d34ccf40adc39526eddfb5ac2f2c973	BQgDAAAAAQiSAAAACGFkbWluX2lk\n	1417772030
c88f69c73648aaa62263bbeda1d7915275284f98	BQgDAAAAAQiSAAAACGFkbWluX2lk\n	1417772030
d4d2ad272f82e17898445c4369f23f19b489f06e	BQgDAAAAAQiSAAAACGFkbWluX2lk\n	1417771788
84c42a40ca80b600363dd5c7823a4a8f53f5fc5b	BQgDAAAAAQiBAAAACGFkbWluX2lk\n	1417771777
48806e96ff610c8058f6a26a4d41bd2c3af99eef	BQgDAAAAAQiSAAAACGFkbWluX2lk\n	1417771789
5936f3b4be7ea3e1143d09c30662015a6c15e4d9	BQgDAAAAAQiSAAAACGFkbWluX2lk\n	1417771789
a52eb07c9346c650e2a494e9fef228a700b6df59	BQgDAAAAAQiSAAAACGFkbWluX2lk\n	1417771789
bd7f5f3436b5888a5fb5e2127c43c52b1115a74f	BQgDAAAAAQiSAAAACGFkbWluX2lk\n	1417771789
3fbd88ed5fcc8de049bfd04f6289005984c0cd39	BQgDAAAAAQiSAAAACGFkbWluX2lk\n	1417771789
d2bbd2d58e4add78085f3d24e42b8c96690129e3	BQgDAAAAAQiBAAAACGFkbWluX2lk\n	1417772024
1cc68ed3840e6e22eec641de8034015c4c7f79f8	BQgDAAAAAQiBAAAACGFkbWluX2lk\n	1417774827
1f21cad25ab510d6f0dc779ee8c458e62c89fab1	BQgDAAAAAQiBAAAACGFkbWluX2lk\n	1417771754
9af745e46781b3ca5e274f8a1c34d5e59d35af95	BQgDAAAAAQiSAAAACGFkbWluX2lk\n	1417772031
a3656f167461cd806ed3c301e74e78a60d82da3a	BQgDAAAAAQiSAAAACGFkbWluX2lk\n	1417772266
dafc3e489010eb6716c5fc4ee394c981a2dc5442	BQgDAAAAAQiSAAAACGFkbWluX2lk\n	1417772058
feab7f4010879ca8cd4cc2ac970c278bf31de949	BQgDAAAAAQiBAAAACGFkbWluX2lk\n	1417772209
38281779f8a616cc8c5dd9f32797822286e872b8	BQgDAAAAAQiBAAAACGFkbWluX2lk\n	1417791527
ab55283cfd82ed6c8dbb442a7b9cf23002ebe8d7	BQgDAAAAAQiSAAAACGFkbWluX2lk\n	1417772185
dea430525b4bceb5732ae3e586935f0626aa4ba9	BQgDAAAAAQiBAAAACGFkbWluX2lk\n	1417784178
f1237bb8695c8755f1eb61cdaded93920890d396	BQgDAAAAAQiSAAAACGFkbWluX2lk\n	1417772185
0073d268e922aa4df32318ae656a4947e53701b5	BQgDAAAAAQiSAAAACGFkbWluX2lk\n	1417772185
b85baf452e01a8ca801b05b21a1a9aebe6077dd0	BQgDAAAAAQiSAAAACGFkbWluX2lk\n	1417772185
dcbe1bc222e0c03e80203c053d1b1273654404d5	BQgDAAAAAQiSAAAACGFkbWluX2lk\n	1417772185
c0edcf34aad82a578a521d628523c88bfd85c15e	BQgDAAAAAQiSAAAACGFkbWluX2lk\n	1417772185
085c9c63af3a689565b0c1bcc7ebc0bd1a695ffe	BQgDAAAAAQiBAAAACGFkbWluX2lk\n	1417784219
7ec1bec611cf8f0d31998b73b695c525c286aa3d	BQgDAAAAAQiBAAAACGFkbWluX2lk\n	1417784271
db114bc7e8835d4ea5ea3ba2069f642525d9ea9d	BQgDAAAAAQiBAAAACGFkbWluX2lk\n	1417784281
6e921e7b336860fbb6454799f22237045486020a	BQgDAAAAAQiBAAAACGFkbWluX2lk\n	1417784469
cc6f7ca5cc180122f82fe9e0c8a3d6e0cd1338eb	BQgDAAAAAQiBAAAACGFkbWluX2lk\n	1417784509
57390808cfc0894c7878c23c053ace3f0071d14c	BQgDAAAAAQiBAAAACGFkbWluX2lk\n	1417786225
4d5f4be84f9bbf0b1544bf5d9b09eb7a08b7ad11	BQgDAAAAAQiBAAAACGFkbWluX2lk\n	1417786264
ffd2aba899fea4d1e6521d33eaa0a09100882fa1	BQgDAAAAAQiBAAAACGFkbWluX2lk\n	1417786415
56a3648aebde2ceb7a691edab1a600137c6a2741	BQgDAAAAAQiBAAAACGFkbWluX2lk\n	1417786456
7f989a4fe0b48422d13d4964a649e090b30ef03d	BQgDAAAAAQiBAAAACGFkbWluX2lk\n	1417786468
ea1357ddea72ad5c8c10bd6dac3b311de2a70d21	BQgDAAAAAQiBAAAACGFkbWluX2lk\n	1417786478
a0093685c183f9b5dbae9635e1d5b322bd6f74d2	BQgDAAAAAQiBAAAACGFkbWluX2lk\n	1417786602
4abad1f9a70025499c4e28ee9f07b7211712872a	BQgDAAAAAQiBAAAACGFkbWluX2lk\n	1417786643
3956ba4bf74f9abcb8f97f0d003d1b5cb3f400a4	BQgDAAAAAQiBAAAACGFkbWluX2lk\n	1417786699
5395a37da425a01c3aed6c1f0a10ea413b1ce6a4	BQgDAAAAAQiBAAAACGFkbWluX2lk\n	1417786712
e220155bd205859abb55bce60e20b1fe2d78ff0b	BQgDAAAAAQiBAAAACGFkbWluX2lk\n	1417786755
58735c14207d55381f4d647f1338210f1c3c1b19	BQgDAAAAAQiBAAAACGFkbWluX2lk\n	1417786765
2181e1e0623d42df6a6cbff1f489d2ca21e92e3a	BQgDAAAAAQiBAAAACGFkbWluX2lk\n	1418142022
585de7bab06566291e59186dc6f339638bebbdb7	BQgDAAAAAQiBAAAACGFkbWluX2lk\n	1418113276
b2ffdc8913781cbfe57df7bebc1e430c7d613e6a	BQgDAAAAAQiBAAAACGFkbWluX2lk\n	1418120170
daf27cce768253dbe58668621c5ef5e298099d8d	BQgDAAAAAQiSAAAACGFkbWluX2lk\n	1418112978
014bd01a7212e5d7657f1e88701a3dc1b07766c8	BQgDAAAAAQiSAAAACGFkbWluX2lk\n	1418112978
3047386a9cdc03c58e3193938e1e466f13005740	BQgDAAAAAQiBAAAACGFkbWluX2lk\n	1418112971
276cbacbdde686dbd65bd84520ef71c9b454914d	BQgDAAAAAQiSAAAACGFkbWluX2lk\n	1418112979
5bc47fc2435a6f0fb0d345436245f3788f29ffa6	BQgDAAAAAQiSAAAACGFkbWluX2lk\n	1417838462
2debe5386873f90547e3a400b7ff5d429c5a0f50	BQgDAAAAAQiSAAAACGFkbWluX2lk\n	1417838462
8d7d7d6e5215cff7de78d12fb9ce05e45aa74fbb	BQgDAAAAAQiSAAAACGFkbWluX2lk\n	1417838462
f7d2ca07879fd4bc4082f871155bfdc59865cea6	BQgDAAAAAQiSAAAACGFkbWluX2lk\n	1417838462
81a210332c903330d5d93b4c403098e72c977aa7	BQgDAAAAAQiSAAAACGFkbWluX2lk\n	1417838462
ada4f744c9e873325d74b2d6e227cdf4407fca45	BQgDAAAAAQiSAAAACGFkbWluX2lk\n	1417838462
2e6c69d31c7c9f9d81b262262a0eae1b602de53d	BQgDAAAAAQiSAAAACGFkbWluX2lk\n	1418112979
ae7b3a6c3489388d046d60c0874483856bf9090f	BQgDAAAAAQiSAAAACGFkbWluX2lk\n	1418112972
908d6e74186703fc42786ea26d4779e60de13d18	BQgDAAAAAQiSAAAACGFkbWluX2lk\n	1418112972
5516ba54e416e8ec9b39c82a2176103211b02687	BQgDAAAAAQiSAAAACGFkbWluX2lk\n	1418112973
e3415f3bec23b0195c4ae1f4d7c42ae3abf16347	BQgDAAAAAQiSAAAACGFkbWluX2lk\n	1418112973
452de05d155b53ff4a8eddda0d4d727bb3073a75	BQgDAAAAAQiSAAAACGFkbWluX2lk\n	1418112973
2c10a4c8f0a14d96bb1cd0a23c20e09678bf4d24	BQgDAAAAAQiSAAAACGFkbWluX2lk\n	1418112979
8ff4a63c45c6a473ee76b4e7b8b360131f3bfb6a	BQgDAAAAAQiBAAAACGFkbWluX2lk\n	1418120270
20ad48f377c96c0957b5d6370ebc641e6579849f	BQgDAAAAAQiBAAAACGFkbWluX2lk\n	1418120304
b7f170cc08159aa12b020e79540a48ee7a2dc5b1	BQgDAAAAAQiBAAAACGFkbWluX2lk\n	1418113046
155d9ea793853a2dc83a6291b89c53d5c9eff0e6	BQgDAAAAAQiBAAAACGFkbWluX2lk\n	1418112994
ac0ae9b0a85b2a50ae05ff3a7275412e40273d43	BQgDAAAAAQiSAAAACGFkbWluX2lk\n	1418112988
fa0b8dacfa094cb8b8953a287dd3ae0a4e9599e7	BQgDAAAAAQiBAAAACGFkbWluX2lk\n	1417795263
0293556cc3659cf44dafa8d70f4b638ebf711770	BQgDAAAAAQiBAAAACGFkbWluX2lk\n	1418119650
009b56e1301b9fa71c2b5c274fe97cc343f4bf48	BQgDAAAAAQiBAAAACGFkbWluX2lk\n	1418119727
087e46a5e72f2d5a395fa2399f7ac281526425c4	BQgDAAAAAQiBAAAACGFkbWluX2lk\n	1418118490
9ac93fb5c87470142411187fb1bbb96c4fe2148d	BQgDAAAAAQiBAAAACGFkbWluX2lk\n	1418118613
e211edb188531a9859ffadcb74217731c3d667e0	BQgDAAAAAQiBAAAACGFkbWluX2lk\n	1418118626
70639f36ab1ad4f7c5f482ddbe6f463fe3c28fab	BQgDAAAAAQiBAAAACGFkbWluX2lk\n	1418118651
5a9330d0176a5611e521843dd47280fb280a9cfe	BQgDAAAAAQiBAAAACGFkbWluX2lk\n	1418113101
db22241867a35cb5a016235ebfcf5f621a1e1869	BQgDAAAAAQiBAAAACGFkbWluX2lk\n	1418118667
5d59a6852451f99e99a36a5927c7a75df0bef29f	BQgDAAAAAQiBAAAACGFkbWluX2lk\n	1418112969
15ae4d7525fd41bc19ae5982027c5af8d5b0b457	BQgDAAAAAQiBAAAACGFkbWluX2lk\n	1418118691
9d1054b347caa59b64ce246cef08176750c88e88	BQgDAAAAAQiBAAAACGFkbWluX2lk\n	1418118724
c3d79dee09649331ad1697b9a003852e13237db1	BQgDAAAAAQiBAAAACGFkbWluX2lk\n	1418118756
5498025f5edcbc8e29cf9dc5d139c5a307053e06	BQgDAAAAAQiSAAAACGFkbWluX2lk\n	1418112977
3af5733c4aaeb27aad6b7b67b35ee321f182c485	BQgDAAAAAQiBAAAACGFkbWluX2lk\n	1418118766
7512849b70a6a0e72bc0f2e9f8f50d95372cb955	BQgDAAAAAQiBAAAACGFkbWluX2lk\n	1418118775
f015e1c92a516ad438ddee6044340ca0ebe6bba7	BQgDAAAAAQiBAAAACGFkbWluX2lk\n	1418118903
52751685e2d1f8f1b3f93cc42a20eb675a23f1b7	BQgDAAAAAQiBAAAACGFkbWluX2lk\n	1418117911
909a3d8c2f19adb4881a940ceabc5df7cedf6fa9	BQgDAAAAAQiBAAAACGFkbWluX2lk\n	1418118040
c3c43c1c9c2b73b464bfffc50bcdbe706e619113	BQgDAAAAAQiBAAAACGFkbWluX2lk\n	1418118138
8b0852e169fd6d943cb032309099c511b45f6bbd	BQgDAAAAAQiBAAAACGFkbWluX2lk\n	1418118188
2aa2f75743fd7fe865069dccf0c173843b0344a9	BQgDAAAAAQiBAAAACGFkbWluX2lk\n	1418118221
857075db989b940b0c4afccd7459073ef6e6722e	BQgDAAAAAQiBAAAACGFkbWluX2lk\n	1418118271
05d55c979d895197ec0f30602eade353989ef79d	BQgDAAAAAQiBAAAACGFkbWluX2lk\n	1418118987
a30c1377d29cd8b7047bafbb9247331485a560af	BQgDAAAAAQiBAAAACGFkbWluX2lk\n	1418118993
30bb7e40b7d59bbc23c2b7368ac3f94dfbc21403	BQgDAAAAAQiBAAAACGFkbWluX2lk\n	1418119005
a6aadf087bfdd32b513e80b9e189f9c5d0ceae20	BQgDAAAAAQiBAAAACGFkbWluX2lk\n	1418119041
a2d259ad2c298ef9173807cb6e84ff09dbef186e	BQgDAAAAAQiBAAAACGFkbWluX2lk\n	1418119759
1be9a79e38cb7b8dd968a59914f62de611266f75	BQgDAAAAAQiBAAAACGFkbWluX2lk\n	1418119066
2f1c1eb76ad35ce24dd453dee2f95128841ad36d	BQgDAAAAAQiBAAAACGFkbWluX2lk\n	1418118292
7fd532b915e82c60373b4f68fdf42466edf09e44	BQgDAAAAAQiBAAAACGFkbWluX2lk\n	1418119497
33f338e501aa1e2a97229d0feb832e9ee15643a2	BQgDAAAAAQiBAAAACGFkbWluX2lk\n	1418120019
a3b4648fd2edb8a35653f1713809284de22ef36e	BQgDAAAAAQiBAAAACGFkbWluX2lk\n	1418120038
14dee9c80c1655210f0cfbfb01344e87f649b6fe	BQgDAAAAAQiBAAAACGFkbWluX2lk\n	1418120526
f72b51d917c2af7245d4811750f6ec2d9939b8d1	BQgDAAAAAQiBAAAACGFkbWluX2lk\n	1418120538
afcccc4ab3e0a2753f87b4ab3653a2b008c2c77a	BQgDAAAAAQiBAAAACGFkbWluX2lk\n	1418120572
1b436bff51ee53342b4e8e02b4337bf909d29c0f	BQgDAAAAAQiBAAAACGFkbWluX2lk\n	1418120580
3580c58c0abbbc1d3467992b109ec4dd8b2cd395	BQgDAAAAAQiBAAAACGFkbWluX2lk\n	1418120654
255c3433a10a444091842149d8de4e748c09324f	BQgDAAAAAQiBAAAACGFkbWluX2lk\n	1418120662
5d0716d4b95b26525d25bb4e3ce638a39e6e8e29	BQgDAAAAAQiBAAAACGFkbWluX2lk\n	1418120672
5e6cf38b33d40aa8d6637ef525f0bcf8c7bbacb8	BQgDAAAAAQiBAAAACGFkbWluX2lk\n	1418120878
cd895d84d5a2973f50872ca3485ac818fe0b5673	BQgDAAAAAQiBAAAACGFkbWluX2lk\n	1418120888
a89fd8e8ff37ba448988ff262988939da1124730	BQgDAAAAAQiBAAAACGFkbWluX2lk\n	1418120896
58c2e732d33f8491586dc9950f1c6125e047e98b	BQgDAAAAAQiBAAAACGFkbWluX2lk\n	1418120904
5b1570220f06cc6f9ac53aa8ce5a82802979c677	BQgDAAAAAQiBAAAACGFkbWluX2lk\n	1418120977
d07d9733cf7f0f49477bb4061d028bcda2deada3	BQgDAAAAAQiBAAAACGFkbWluX2lk\n	1418121205
56bf21251e5c5e3d2c299198871ef682b6628a3b	BQgDAAAAAQiBAAAACGFkbWluX2lk\n	1418121224
0d5a61fb071e2df320552e3d5bb033c87086ce1e	BQgDAAAAAQiBAAAACGFkbWluX2lk\n	1418121229
dc885fbec3ac949c416e24dadf96595d71d48927	BQgDAAAAAQiBAAAACGFkbWluX2lk\n	1418121233
0e7c6283c1ffc7cbaa4c7bf08b635ffad4cd3432	BQgDAAAAAQiBAAAACGFkbWluX2lk\n	1418121236
5abc8c0fcc107900099758ab2279ac7c658201b4	BQgDAAAAAQiBAAAACGFkbWluX2lk\n	1418121239
62e235373c8afc10169bd6b87ae1cfe325294846	BQgDAAAAAQiBAAAACGFkbWluX2lk\n	1418121242
28a7dad7a42a26b60ac284258391b6cbe4d67da5	BQgDAAAAAQiBAAAACGFkbWluX2lk\n	1418121244
0ed234a30495876fea9c3f13afe6eaf39dfbe641	BQgDAAAAAQiBAAAACGFkbWluX2lk\n	1418121245
ccdd5d6db7fbca0c6ab2f6496a2ee5eb2c27c105	BQgDAAAAAQiBAAAACGFkbWluX2lk\n	1418121247
205cf82d4809ead0af19235c61ba3b666ebe2409	BQgDAAAAAQiBAAAACGFkbWluX2lk\n	1418121248
de135a802afba924bb54ed0406e7e90131194f0d	BQgDAAAAAQiBAAAACGFkbWluX2lk\n	1418122782
2e41fd984179a60cbb61cea3b3a0b6b684b5dd13	BQgDAAAAAQiBAAAACGFkbWluX2lk\n	1418122796
a24b11d12e55ef104c1b4529869bf6f6ae0d3d25	BQgDAAAAAQiBAAAACGFkbWluX2lk\n	1418122814
cef86b9a8a48008ef01914aaff1dda4671a80205	BQgDAAAAAQiBAAAACGFkbWluX2lk\n	1418122864
7df8b36a4ab630236afc8df7c4cf09565b07e2f6	BQgDAAAAAQiBAAAACGFkbWluX2lk\n	1418123078
82c23c9e88c0aab468988bda78ee8396f58e1f2b	BQgDAAAAAQiBAAAACGFkbWluX2lk\n	1418123109
1d14d57b2f1e897e6f7c234363e8d8b4dff68579	BQgDAAAAAQiBAAAACGFkbWluX2lk\n	1418123138
feb815bb078d7bad4e567970b3a7dc4018504f25	BQgDAAAAAQiBAAAACGFkbWluX2lk\n	1418123217
849cf2fccac4d83c85ae9a8f2c9f120eb047f54c	BQgDAAAAAQiBAAAACGFkbWluX2lk\n	1418123410
a29c04219fb8a9d956a16514e9e0c5eb2ae7677f	BQgDAAAAAQiBAAAACGFkbWluX2lk\n	1418123513
3aefbdc52dae64b20a3956fb196a8caec96c9025	BQgDAAAAAQiBAAAACGFkbWluX2lk\n	1418123563
32ca2cdacdc0826f4e2ccc60b699c89d796ab59e	BQgDAAAAAQiBAAAACGFkbWluX2lk\n	1418123615
4618824ce57b850b12af671272ca732df472fba1	BQgDAAAAAQiBAAAACGFkbWluX2lk\n	1418132700
5533a1c9cdb33bf4278ea79879fce7270bc60d53	BQgDAAAAAQiBAAAACGFkbWluX2lk\n	1418132856
3096cbfedaa588a556ce91e0a8408447d8ec8891	BQgDAAAAAQiBAAAACGFkbWluX2lk\n	1418132958
c7ff2e8fd7f741e6cd3237c2b78fbc2cc37c7a86	BQgDAAAAAQiBAAAACGFkbWluX2lk\n	1418133103
96e759de552b9fe2b779b41159c5677d320e0c48	BQgDAAAAAQiBAAAACGFkbWluX2lk\n	1418133984
8b9846980d154f5c3ef2d50324a7712e7a9a7f35	BQgDAAAAAQiBAAAACGFkbWluX2lk\n	1418133995
7e468a5f6944d3e3ad056078435df336184230ba	BQgDAAAAAQiBAAAACGFkbWluX2lk\n	1418134132
106bb7ef9c1b3cfc76f4fd21ce4199fbbab552ff	BQgDAAAAAQiBAAAACGFkbWluX2lk\n	1418134222
1a187319cdb812d6899c2b78e8ac498f9ea6f229	BQgDAAAAAQiBAAAACGFkbWluX2lk\n	1418134841
a9e6402bbaae66515da4782ed76166ff0c05953e	BQgDAAAAAQiBAAAACGFkbWluX2lk\n	1418134871
e05f5b999f515e6c0596c8ad4400cc818479ce41	BQgDAAAAAQiBAAAACGFkbWluX2lk\n	1418135042
7eb2e5ebd93e823d2252dfcf9fa8bf6e9be42ad3	BQgDAAAAAQiBAAAACGFkbWluX2lk\n	1418135526
c275bf45c32519469b52afac272342fe1ee930e2	BQgDAAAAAQiBAAAACGFkbWluX2lk\n	1418135545
31ad357019801a1c529ff5b8936aacdd76949673	BQgDAAAAAQiBAAAACGFkbWluX2lk\n	1418135635
547f37228fb67ec005acf886badb2e1b5963c47a	BQgDAAAAAQiBAAAACGFkbWluX2lk\n	1418135714
b8cf4503560e89805e48ecdc52538d52afe2518c	BQgDAAAAAQiBAAAACGFkbWluX2lk\n	1418135820
698120b790ec7cae9f35b16fb3321c97f417ff6c	BQgDAAAAAQiBAAAACGFkbWluX2lk\n	1418136277
54f275eeb41ff04f36999f8c8f76e2c728090c97	BQgDAAAAAQiBAAAACGFkbWluX2lk\n	1418136779
4782845b72688d34dbfb061b3d0a1a146f8aa67c	BQgDAAAAAQiBAAAACGFkbWluX2lk\n	1418136788
3341da4eac44979d7947118d1c9e9f13b6388770	BQgDAAAAAQiBAAAACGFkbWluX2lk\n	1418136808
0237076d1383ad805fbb1b917e97728a44650e31	BQgDAAAAAQiBAAAACGFkbWluX2lk\n	1418136868
56c091e7a400aad770c4661706fe3d8217885f5e	BQgDAAAAAQiBAAAACGFkbWluX2lk\n	1418136909
1919678b247c652c3dbfe8ced07673e9731896f4	BQgDAAAAAQiBAAAACGFkbWluX2lk\n	1418136952
9f0484371f2cb49783c30f152bf792e7fc2c12ba	BQgDAAAAAQiBAAAACGFkbWluX2lk\n	1418137047
f3f484123f1d0f3bdc9513c1abb687dd7d0daac8	BQgDAAAAAQiBAAAACGFkbWluX2lk\n	1418137063
5cf020f4eaac9b786524adcf48fff1ec53e7d548	BQgDAAAAAQiBAAAACGFkbWluX2lk\n	1418137346
8095913211d9883426c6f9b323260ec50df36cbc	BQgDAAAAAQiBAAAACGFkbWluX2lk\n	1418138151
61fd5fa7b15e278f5cc0d7071386818038c3c02d	BQgDAAAAAQiBAAAACGFkbWluX2lk\n	1418203476
91e22df6a24e88c62fed4d66a5038601c6bc923a	BQgDAAAAAQiSAAAACGFkbWluX2lk\n	1418184071
2891830e772979fbf496a408ab1d004f46c4121a	BQgDAAAAAQiSAAAACGFkbWluX2lk\n	1418184072
f86979f182ad78d58635bbce8e62ca6da69999dc	BQgDAAAAAQiSAAAACGFkbWluX2lk\n	1418184072
17ea81e79121520cade3fa3b58e0675e42b833a5	BQgDAAAAAQiBAAAACGFkbWluX2lk\n	1418140871
b42062433c37f8ad688903a3b1ccc3c54b71880c	BQgDAAAAAQiBAAAACGFkbWluX2lk\n	1418141532
2b8bf2346daf4bcec676f36092b6a88af31c4c2b	BQgDAAAAAQiBAAAACGFkbWluX2lk\n	1418217623
b6bb59955355569afd653c3d5675eacb26be5b19	BQgDAAAAAQiSAAAACGFkbWluX2lk\n	1418184072
655a6ef85e552ed761d881642161372c3e0b0445	BQgDAAAAAQiSAAAACGFkbWluX2lk\n	1418184072
269da2f5e9c168e62d75f373aa195b3d21ed5daf	BQgDAAAAAQiSAAAACGFkbWluX2lk\n	1418184072
a78f7baa324bea45ecc9b7e88933fcf15cecafc7	BQgDAAAAAQiBAAAACGFkbWluX2lk\n	1418214935
c510df5384efdea97b07fc4b01a693d77bb465d5	BQgDAAAAAQiSAAAACGFkbWluX2lk\n	1418217709
18f215858e2052b3397e325cff4ab77d45941bee	BQgDAAAAAQiBAAAACGFkbWluX2lk\n	1418229601
d229ec1b17744fb091a7a51a3505e71ec56c9548	BQgDAAAAAQiBAAAACGFkbWluX2lk\n	1418220272
f467ce453e538a1e350ddb8e52c5e13b46a44214	BQgDAAAAAQiBAAAACGFkbWluX2lk\n	1418288047
c73bf478988f890b72f6b60b53f4f04fcaccab44	BQgDAAAAAQiBAAAACGFkbWluX2lk\n	1418229675
0e2e16c14327a5bccdde6a3b29435d370adb462d	BQgDAAAAAQiBAAAACGFkbWluX2lk\n	1418299626
f74e389286e7796cabbdf1495916e915e6749193	BQgDAAAAAQiBAAAACGFkbWluX2lk\n	1418227273
7d6a57eaace491353d1e0b2af444ada8c9b0f277	BQgDAAAAAQiBAAAACGFkbWluX2lk\n	1418290868
8992f9adad7593408a87424287d501921dc398cf	BQgDAAAAAQiBAAAACGFkbWluX2lk\n	1418290893
e2504dcae8b9b34e50082ce9dc64d5346f8e8259	BQgDAAAAAQiBAAAACGFkbWluX2lk\n	1418290943
8e20f8350414a2a98c6174800709b3252899a59c	BQgDAAAAAQiSAAAACGFkbWluX2lk\n	1418270472
85cecab196382756ac64a73bd913768a204d650d	BQgDAAAAAQiSAAAACGFkbWluX2lk\n	1418270472
aad21bec8d9996c3eff43c464fc4240f82a3a8a7	BQgDAAAAAQiSAAAACGFkbWluX2lk\n	1418270472
01f3de5913580e1183af754f25f8a06d916b8026	BQgDAAAAAQiSAAAACGFkbWluX2lk\n	1418270472
08ae54eb5477ed1ed419953b6101b1355a1b9be4	BQgDAAAAAQiSAAAACGFkbWluX2lk\n	1418270472
6824fe8058f75bbab3ea79624ce0ce12cb4d36ad	BQgDAAAAAQiSAAAACGFkbWluX2lk\n	1418270473
714ecceeacdf47446bd0df653dc68e0cf6ae6c7c	BQgDAAAAAQiBAAAACGFkbWluX2lk\n	1418290968
46f20849847df8c048faffc3831cf5550ae9bc8c	BQgDAAAAAQiBAAAACGFkbWluX2lk\n	1418291045
dfad9b96ec748871fa02b100aeb61fea71b73eab	BQgDAAAAAQiBAAAACGFkbWluX2lk\n	1418291121
65512014e69e4daba70c69877864096b115a7adf	BQgDAAAAAQiBAAAACGFkbWluX2lk\n	1418291142
081f6ff668f9ee4dfac0872c2ba1081c6ec89f74	BQgDAAAAAQiBAAAACGFkbWluX2lk\n	1418291153
ac8591d9fc20dcadc147798d227f6df3ec84e4b8	BQgDAAAAAQiBAAAACGFkbWluX2lk\n	1418291192
25e66d5c5b5c7f447415074e9cc5c4d0260f646b	BQgDAAAAAQiBAAAACGFkbWluX2lk\n	1418291227
24062e7bacff5fda506930abd7bef1688cf0a292	BQgDAAAAAQiBAAAACGFkbWluX2lk\n	1418291280
a9aad46abf75c99bb14eb7a786b877f0cafb4f8f	BQgDAAAAAQiBAAAACGFkbWluX2lk\n	1418291286
e49658c9eebf92efb3749b33772706aa477e992f	BQgDAAAAAQiBAAAACGFkbWluX2lk\n	1418291302
2026b07f1f24ff1e408068eb86c97c5ba29ae6bf	BQgDAAAAAQiBAAAACGFkbWluX2lk\n	1418291323
e8b497537fb65da7e313799ca5b9866d91b06584	BQgDAAAAAQiBAAAACGFkbWluX2lk\n	1418291333
41603783cf9cfd884ba7ae1a37f46167c36c1692	BQgDAAAAAQiBAAAACGFkbWluX2lk\n	1418291354
fbdc0fd0e1517e07d0b4b906b4ff6cc836546bad	BQgDAAAAAQiBAAAACGFkbWluX2lk\n	1418291367
9bf908c0c00581644c0aff4ec7af0fd2878005be	BQgDAAAAAQiBAAAACGFkbWluX2lk\n	1418291428
60df8e9882610949418145743d0b86c92030289b	BQgDAAAAAQiBAAAACGFkbWluX2lk\n	1418291445
38d9fab038ce53fc759bc7ca850d7ed202ccfef1	BQgDAAAAAQiBAAAACGFkbWluX2lk\n	1418291509
aab05f75a230494a3104a00a93ad70a7518ca83b	BQgDAAAAAQiBAAAACGFkbWluX2lk\n	1418291514
90caf2156dcb2f397431684183724ccfdf8bb91c	BQgDAAAAAQiBAAAACGFkbWluX2lk\n	1418291548
2e12217ffd3c8a032119fe47e708ad84e8ee5119	BQgDAAAAAQiBAAAACGFkbWluX2lk\n	1418291863
ffd6a58dd97f4c264f54bfe4824af52e7bc23860	BQgDAAAAAQiBAAAACGFkbWluX2lk\n	1418291864
db93c4d21c6ca32711b0e41f2d90716c9b0c9ef0	BQgDAAAAAQiBAAAACGFkbWluX2lk\n	1418291891
6c8d6a552136e9255acfcbb2cc200de981d2ce24	BQgDAAAAAQiBAAAACGFkbWluX2lk\n	1418291895
886a2df8fa5bb8b579726aef15ad1159cf74c646	BQgDAAAAAQiBAAAACGFkbWluX2lk\n	1418291934
47eb49f1f09d4de9d4ef0b28f36ad7b218b419b5	BQgDAAAAAQiBAAAACGFkbWluX2lk\n	1418291948
4b39dec3faf06514124e2021176a2451e851e9a1	BQgDAAAAAQiBAAAACGFkbWluX2lk\n	1418292287
adbfef12d5fa35af50335c4a707d9cb2698e7bad	BQgDAAAAAQiBAAAACGFkbWluX2lk\n	1418292478
ad11fc3368de7c6f360c7db043adc6fa083b7856	BQgDAAAAAQiBAAAACGFkbWluX2lk\n	1418295380
1ecf536b9f66285509ed9cf434c2df3b027e5fc4	BQgDAAAAAQiBAAAACGFkbWluX2lk\n	1418295389
d03523005a3c79c5321394efa6c968beb47c3d42	BQgDAAAAAQiBAAAACGFkbWluX2lk\n	1418299371
e98f9faebab0f8f57bf2bc175f221ebf526848ce	BQgDAAAAAQiBAAAACGFkbWluX2lk\n	1418299401
c6c0f0bcd5ea0abb8729ce10073697ad7cf72b45	BQgDAAAAAQiBAAAACGFkbWluX2lk\n	1418300046
dc99d305c57f54977f017bc9927e3cef44977bc3	BQgDAAAAAQiBAAAACGFkbWluX2lk\n	1418301725
be5f2e01bd378b3fc8e82c46d332354e672ac257	BQgDAAAAAQiBAAAACGFkbWluX2lk\n	1418301739
a36ad436ae4d4956c6319348ef5ea6c93eda5cd1	BQgDAAAAAQiBAAAACGFkbWluX2lk\n	1418301745
6e85fedf37f7261561035653548cf25c32326c1b	BQgDAAAAAQiBAAAACGFkbWluX2lk\n	1418301788
af87b4875312662b38b3b74302399fca6f09bbbe	BQgDAAAAAQiBAAAACGFkbWluX2lk\n	1418301800
feb941e3349ce3cba217c425d0892c6cfec0a433	BQgDAAAAAQiBAAAACGFkbWluX2lk\n	1418301813
eee92315b9af8ab866c33256d698a28e672519ff	BQgDAAAAAQiBAAAACGFkbWluX2lk\n	1418301823
7636db6a3d7539958b3ebe0d2d2bd80d95e7c8ff	BQgDAAAAAQiBAAAACGFkbWluX2lk\n	1418301828
f39996924fcb396cf9704f7776102e6f9f267889	BQgDAAAAAQiBAAAACGFkbWluX2lk\n	1418301830
1311bd54fdabae6792c18b4a599e020469ed15e0	BQgDAAAAAQiBAAAACGFkbWluX2lk\n	1418301832
dcadef98ab92c9f3ee7e1266f0d06ba84d433e26	BQgDAAAAAQiBAAAACGFkbWluX2lk\n	1418301835
18b84743ba83ac556eed7a3731d283c9308d8d81	BQgDAAAAAQiBAAAACGFkbWluX2lk\n	1418301837
07b8d728e429d20a05325d4346dffca3e795e912	BQgDAAAAAQiBAAAACGFkbWluX2lk\n	1418301840
97c088ae049326002e91cdb9b21ce7330bc85610	BQgDAAAAAQiBAAAACGFkbWluX2lk\n	1418301879
bad4023151d2560ac2f98984a6c9cee3a2d29d93	BQgDAAAAAQiBAAAACGFkbWluX2lk\n	1418301897
1cfc6c4719811c57682b5b7cacf73575ff3fd95e	BQgDAAAAAQiBAAAACGFkbWluX2lk\n	1418301918
68807ba0be189cf5d9aa6012595a95f6ea20035e	BQgDAAAAAQiBAAAACGFkbWluX2lk\n	1418301936
9e0b21103c4038602f8ca187564b5252df3bd38d	BQgDAAAAAQiBAAAACGFkbWluX2lk\n	1418301981
7ccee7c4363a71a978478afcc41d8ccaf34e7f7d	BQgDAAAAAQiBAAAACGFkbWluX2lk\n	1418303486
59444f6882cc947338d1b6dfedc6349751318369	BQgDAAAAAQiBAAAACGFkbWluX2lk\n	1418303742
8da14b67fbc09b58453eedc1149d3bd09a720adf	BQgDAAAAAQiBAAAACGFkbWluX2lk\n	1418303810
d43af991108d269ed312735a74ea90ac2e72b625	BQgDAAAAAQiBAAAACGFkbWluX2lk\n	1418303817
6275a205fc2719a6a3b2b9806a0a4e03c2cb4af9	BQgDAAAAAQiBAAAACGFkbWluX2lk\n	1418303840
4beb49ac9c8e7068fd0b4643651288dee028431d	BQgDAAAAAQiBAAAACGFkbWluX2lk\n	1418303885
b611be0982cf5d41a6db90cda4e66c81a479ea12	BQgDAAAAAQiDAAAACGFkbWluX2lk\n	1418303908
19ea0cd168a923677ebceac7234a33bf070e9e13	BQgDAAAAAQiBAAAACGFkbWluX2lk\n	1418376361
0cb80cfa41967252bedbf59de13bdf241a5d59cf	BQgDAAAAAQiBAAAACGFkbWluX2lk\n	1418376163
76166fd5acdd7d9b82bc35fc237845b2e3616ba9	BQgDAAAAAQiBAAAACGFkbWluX2lk\n	1418376159
ea7d78497b6c90fcebbba894f5165b25e73aa598	BQgDAAAAAQiBAAAACGFkbWluX2lk\n	1418376167
1688646321d1a18743c1f05f1d28d729d1f4fe51	BQgDAAAAAQiBAAAACGFkbWluX2lk\n	1418376071
eab3a2d6e84f6f23d7ef805df4ec4d0769210c90	BQgDAAAAAQiBAAAACGFkbWluX2lk\n	1418376168
4cfae43d40128a090cdac929a36c1ec66215160e	BQgDAAAAAQiBAAAACGFkbWluX2lk\n	1418373907
5c7ae2bb5caa21d1fb2a971199878f5b31bd5e25	BQgDAAAAAQiBAAAACGFkbWluX2lk\n	1418373907
04c9a37918d8cebd70a9eb3a63465ae1cd80ee88	BQgDAAAAAQiBAAAACGFkbWluX2lk\n	1418376150
33e0a3c031fd24ed14c8679dc4f874a4b0d20054	BQgDAAAAAQiBAAAACGFkbWluX2lk\n	1418376170
bfbd3ccf2d59cd18effcff9b9803a091ad79be2b	BQgDAAAAAQiBAAAACGFkbWluX2lk\n	1418376171
e06e017c60a1d6a53911038e91f8cba2c5975cca	BQgDAAAAAQiBAAAACGFkbWluX2lk\n	1418313696
aaa7e2dbb786a4e54b452061a5d97a85270688e1	BQgDAAAAAQiBAAAACGFkbWluX2lk\n	1418376174
e76359594e2de867abc7d3402fbf591c34031102	BQgDAAAAAQiBAAAACGFkbWluX2lk\n	1418376175
3c7b02c9e6f0c7d00a2fa23959f76bed550ea04e	BQgDAAAAAQiBAAAACGFkbWluX2lk\n	1418313731
c883fa0d7e07552f8a5d761e9b5969967ff07a13	BQgDAAAAAQiBAAAACGFkbWluX2lk\n	1418313782
2b15bea9d21525d12c89a5eb1c8b18c3bcf2933e	BQgDAAAAAQiBAAAACGFkbWluX2lk\n	1418313782
36e7c9badb9a02a919dc386535f75130d1475549	BQgDAAAAAQiBAAAACGFkbWluX2lk\n	1418313940
734e60f9589a2aa0c92b53bdf32a855b71151287	BQgDAAAAAQiBAAAACGFkbWluX2lk\n	1418313941
5e4fab5eef1d7ea95d94f235b999d05174cd36d3	BQgDAAAAAQiBAAAACGFkbWluX2lk\n	1418376178
d2e1f775d5a77b4a7480db2d03832f43e58a67e2	BQgDAAAAAQiBAAAACGFkbWluX2lk\n	1418375814
66bc2de290b87ecbd7bb37e1398b88a70e0f889b	BQgDAAAAAQiBAAAACGFkbWluX2lk\n	1418314855
dfe79f1cfcb65374a69ee1858dd92adc2467948f	BQgDAAAAAQiBAAAACGFkbWluX2lk\n	1418375818
1dfb6f982527ad2fe072f2563833a0a50eec9c87	BQgDAAAAAQiBAAAACGFkbWluX2lk\n	1418372923
388c716997f3a78802ac09d8e4672afc07796631	BQgDAAAAAQiBAAAACGFkbWluX2lk\n	1418372923
791b715750d0fcad3a8f3ae1d4d919e412cacc47	BQgDAAAAAQiBAAAACGFkbWluX2lk\n	1418375819
16712cca8c24770b9e28d2ea1e0c50b8ad215f6a	BQgDAAAAAQiBAAAACGFkbWluX2lk\n	1418375820
88c6192406b57434a5306cb2295431b75c3fce58	BQgDAAAAAQiBAAAACGFkbWluX2lk\n	1418375821
62c867b02845cb40b968c08b285c98a11e110dce	BQgDAAAAAQiBAAAACGFkbWluX2lk\n	1418375824
8d7bfea2d502da52f92c27170a0096d8e58828d7	BQgDAAAAAQiBAAAACGFkbWluX2lk\n	1418375826
eb1a1f5b1b7984505c36050b8c474351bfe781f8	BQgDAAAAAQiBAAAACGFkbWluX2lk\n	1418376180
153a2be029e4125f72e813f9e32992d0b349c5e7	BQgDAAAAAQiBAAAACGFkbWluX2lk\n	1418378630
614fcf8aa701da70c5dcac5cc489ed92938a5718	BQgDAAAAAQiBAAAACGFkbWluX2lk\n	1418378804
dd94a2fcc3e490efff96df9a9ce8c201aab1b375	BQgDAAAAAQiBAAAACGFkbWluX2lk\n	1418378815
e6166d1ac73823d2c076e9bd88f385b3f4a0f6fa	BQgDAAAAAQiBAAAACGFkbWluX2lk\n	1418378825
988c9f17d4d8c325370ecfc6b2df59dafa6f9ab0	BQgDAAAAAQiBAAAACGFkbWluX2lk\n	1418378828
dd3cb6f4c8f178d2ba24704b18ed48cf7013aeae	BQgDAAAAAQiBAAAACGFkbWluX2lk\n	1418378831
cac231e7ddb99f105f0626c1e0dc26e3ffb6f447	BQgDAAAAAQiBAAAACGFkbWluX2lk\n	1418382177
aeb4e17bb8769e7064a1463ade5901e698749ec7	BQgDAAAAAQiBAAAACGFkbWluX2lk\n	1418382259
6a0b91291dc8852a1e892cf242fd6e9f067524e2	BQgDAAAAAQiBAAAACGFkbWluX2lk\n	1418378909
2068691fb2aaa08e475abc5927fe491563ebad3f	BQgDAAAAAQiBAAAACGFkbWluX2lk\n	1418652634
72a13aa7c08a4b6feb9ef5fb26852bc96ee7d267	BQgDAAAAAQiBAAAACGFkbWluX2lk\n	1418652616
394a965f9cd21b333a54466ef29dd0c5a00df656	BQgDAAAAAQiBAAAACGFkbWluX2lk\n	1418652097
4add818b9e67dd251d72c9d05aff4f644325493e	BQgDAAAAAQiBAAAACGFkbWluX2lk\n	1418631283
76ab6fd72891b3b40b8047d6e1836329ebe0dd9f	BQgDAAAAAQiBAAAACGFkbWluX2lk\n	1418652085
e4533e8b5e58e940cd803a6d663346431abbc27d	BQgDAAAAAQiBAAAACGFkbWluX2lk\n	1418656252
0da72cae8865f743e370a49665b3d7dfdba0b78b	BQgDAAAAAQiBAAAACGFkbWluX2lk\n	1418651823
b0559ea2068a985656492736a377e9f33da97c3b	BQgDAAAAAQiBAAAACGFkbWluX2lk\n	1418379173
a43889412bb5abd03a1b3e6c176843316d8e87e9	BQgDAAAAAQiBAAAACGFkbWluX2lk\n	1418633629
db6ee0070acdcc91b24f9e1551ac3a54a5ee015f	BQgDAAAAAQiBAAAACGFkbWluX2lk\n	1418381334
8f75cee37310dad04ee6e50b7b39cf33c5337013	BQgDAAAAAQiSAAAACGFkbWluX2lk\n	1418702425
ec8e9121a01758669e81eea2b39fb4ce51300e03	BQgDAAAAAQiBAAAACGFkbWluX2lk\n	1418652121
34fd7e922eaf4e652c9a18df74dfa83459a2e95c	BQgDAAAAAQiBAAAACGFkbWluX2lk\n	1418381325
380857b7b843c2b3125ba49daf85cc19def01d77	BQgDAAAAAQiSAAAACGFkbWluX2lk\n	1418443217
ebb27fdc7da1ed57ee4a22f31b0bcb3675ff2f49	BQgDAAAAAQiSAAAACGFkbWluX2lk\n	1418443217
77bca991e9363033411d4da444fced602517912d	BQgDAAAAAQiSAAAACGFkbWluX2lk\n	1418443218
9695bf0240308f122bbe8f1f722233f3ca4d45c3	BQgDAAAAAQiSAAAACGFkbWluX2lk\n	1418443218
83a799aaa681250f7292f0fe851e46498427f5c5	BQgDAAAAAQiSAAAACGFkbWluX2lk\n	1418443218
dd79da0ab5d3aad16bd3aa03e74590c1b8bca60b	BQgDAAAAAQiSAAAACGFkbWluX2lk\n	1418443218
92d66418a3dfc6e0f3f890ec3d2f8e207b9044e6	BQgDAAAAAQiBAAAACGFkbWluX2lk\n	1418387349
3a4cdfff4de6555f7d41cfef85e6aed1a5a6f9b5	BQgDAAAAAQiBAAAACGFkbWluX2lk\n	1418637412
2bc58294f1ce7b68ca2b9709e876ae4fa980a0aa	BQgDAAAAAQiBAAAACGFkbWluX2lk\n	1418639591
1a93288abf25c380489abafc5207ff1c9c84624e	BQgDAAAAAQiBAAAACGFkbWluX2lk\n	1418387378
bace518a8080ea13eb474d898544670ce23e2fb2	BQgDAAAAAQiBAAAACGFkbWluX2lk\n	1418639615
a9cfb0b615292830aa212a1a8e9c04fef17615ff	BQgDAAAAAQiBAAAACGFkbWluX2lk\n	1418379818
c63d3bbad91e61e1b3779f2cd64083c7d8722aa0	BQgDAAAAAQiBAAAACGFkbWluX2lk\n	1418639652
f01cd4c40a4bfd439ccb587d4e5f79aba546ad90	BQgDAAAAAQiBAAAACGFkbWluX2lk\n	1418639662
067d7e401fbe6e6d6208632a9c0e9e366daea0d1	BQgDAAAAAQiBAAAACGFkbWluX2lk\n	1418380021
5fc70699cb858d2e22c78a3158ea0382968b1ada	BQgDAAAAAQiBAAAACGFkbWluX2lk\n	1418382266
94ed627786aba20fa68df1a56d4661932d3ca935	BQgDAAAAAQiBAAAACGFkbWluX2lk\n	1418385096
fb897d299d166a2bef33458d361cef271739adec	BQgDAAAAAQiBAAAACGFkbWluX2lk\n	1418385097
3998c195b56647f1bbf6b716fb547a67e8602718	BQgDAAAAAQiBAAAACGFkbWluX2lk\n	1418380054
69da91b6eda3a1922ae9cde48c82c4a25927baa2	BQgDAAAAAQiBAAAACGFkbWluX2lk\n	1418380054
018e8fd403e0efeb7d21958dca8858bd01931bb0	BQgDAAAAAQiBAAAACGFkbWluX2lk\n	1418640043
82332f0456e88d6a078712f13b345757beb09897	BQgDAAAAAQiBAAAACGFkbWluX2lk\n	1418640054
cc308fe0b715317854f1fb254099d26af502dcd6	BQgDAAAAAQiBAAAACGFkbWluX2lk\n	1418379437
2c40d06c22cf3d11a946b415f03b6bd59bce4c5d	BQgDAAAAAQiBAAAACGFkbWluX2lk\n	1418640064
349e7066be07d4e22bc2b1f77874d21bfc4f009a	BQgDAAAAAQiBAAAACGFkbWluX2lk\n	1418379546
bf81aabc8b4cb6f4c2a0bf7f8459aeecc288bc43	BQgDAAAAAQiBAAAACGFkbWluX2lk\n	1418400027
5331cc4d84bb750c9277736900909b7560b0438d	BQgDAAAAAQiBAAAACGFkbWluX2lk\n	1418640076
441e722e40d96a4997fc4705d8282840c72c37eb	BQgDAAAAAQiBAAAACGFkbWluX2lk\n	1418382213
ed9ca9b8d2dbd034769223850d09ba87727b9422	BQgDAAAAAQiBAAAACGFkbWluX2lk\n	1418382197
97ccc190c75c54ab3882c6a1cc7161e84baf89bf	BQgDAAAAAQiBAAAACGFkbWluX2lk\n	1418640087
597e6bc1bcc4b8f5fd58fe7a9b8e3109e49c980a	BQgDAAAAAQiBAAAACGFkbWluX2lk\n	1418640115
23e3479b7d19e1f3d6be04f24edc3ffec539eef3	BQgDAAAAAQiBAAAACGFkbWluX2lk\n	1418640221
674f8c833b390ac831752c6bc8e2e9d30ba0bdf4	BQgDAAAAAQiBAAAACGFkbWluX2lk\n	1418631030
ac2d88efe7f76389331ef65768cf3e0e93b2f9bb	BQgDAAAAAQiBAAAACGFkbWluX2lk\n	1418640273
9fbad4fe141821e2c74ae8d5070a229d04f90bc7	BQgDAAAAAQiBAAAACGFkbWluX2lk\n	1418640370
2e304e9d8dc51f1f6cebeecde4330216b3200e42	BQgDAAAAAQiBAAAACGFkbWluX2lk\n	1418652678
5577dc8075893ed5b9f435d8da35b0ebe9de7481	BQgDAAAAAQiBAAAACGFkbWluX2lk\n	1418640405
4cc8396cdd4474a37fbe8ba36d0cac534c097b94	BQgDAAAAAQiBAAAACGFkbWluX2lk\n	1418640475
463b28e9bcc3ae3b2f8f5902ba3be8dbb8621ba5	BQgDAAAAAQiBAAAACGFkbWluX2lk\n	1418652066
8c7118210f607f6440c7756b2960e026c876a776	BQgDAAAAAQiBAAAACGFkbWluX2lk\n	1418659509
b53a015063c651a5a3fc811382d509b2448e4e8c	BQgDAAAAAQiBAAAACGFkbWluX2lk\n	1418652707
6632453c8446cee4b7a8719fbdc167ae6414bee1	BQgDAAAAAQiBAAAACGFkbWluX2lk\n	1418652724
acccf1aa5ad203ba1c89f427605913e9db8ff8ec	BQgDAAAAAQiBAAAACGFkbWluX2lk\n	1418659349
c5bf7cee6d5d73167f265519d713eeff1566ebee	BQgDAAAAAQiBAAAACGFkbWluX2lk\n	1418659229
6c02a17492198371d370f8a1a2a7124df8eb4080	BQgDAAAAAQiSAAAACGFkbWluX2lk\n	1418702425
75ec33afc7edf0b98936cbb4cba0f9aaadd98d8a	BQgDAAAAAQiSAAAACGFkbWluX2lk\n	1418702425
751649d6c1d4512e3b75de3e9febc4faf53e802b	BQgDAAAAAQiSAAAACGFkbWluX2lk\n	1418702426
15f66f2f43340d1078146f72b6e1ab09fd389b59	BQgDAAAAAQiSAAAACGFkbWluX2lk\n	1418702426
2472f6a04f529e1f7e0e7ca8d125837396d0e633	BQgDAAAAAQiSAAAACGFkbWluX2lk\n	1418702426
c5d6b25b229ddf651bde5c9c3937d93517f27912	BQgDAAAAAQiBAAAACGFkbWluX2lk\n	1418717725
400804766275ac604fd00a043fb868139119fc02	BQgDAAAAAQiBAAAACGFkbWluX2lk\n	1418725797
0e1071bf55fad254e17e77577c21fdcbe30285bd	BQgDAAAAAQiBAAAACGFkbWluX2lk\n	1418717852
538f4461beb474e67ee8bc5fad25d4756852e26d	BQgDAAAAAQiBAAAACGFkbWluX2lk\n	1418719835
f9e9e36d0b21976cfebe8f6af76a9d8d5b5e6b45	BQgDAAAAAQiBAAAACGFkbWluX2lk\n	1418719860
a4a66b77ab3514e554d60f0bbec6964906f598fe	BQgDAAAAAQiBAAAACGFkbWluX2lk\n	1418719868
aff8aec2d91ad98856c80f53d3644cd6a8082c43	BQgDAAAAAQiBAAAACGFkbWluX2lk\n	1418719874
af03e10dbe9b0c76d6568171d1e5fe522e62510a	BQgDAAAAAQiBAAAACGFkbWluX2lk\n	1418719925
d21a14e4d5941f1e69ee69b1ee195a7e3d6edcee	BQgDAAAAAQiBAAAACGFkbWluX2lk\n	1418720019
5e092b866b78ff5edb1cf3723beb0c6f138efefc	BQgDAAAAAQiBAAAACGFkbWluX2lk\n	1418720022
4ae3d050cf170a004c0f7bf7e0e031505f96c590	BQgDAAAAAQiBAAAACGFkbWluX2lk\n	1418720027
38b7cbe04402025be3ed5a0627477f4428e757ea	BQgDAAAAAQiBAAAACGFkbWluX2lk\n	1418720033
2d7b170b7cca5bf5ceb1411e258d2a20f80d311f	BQgDAAAAAQiBAAAACGFkbWluX2lk\n	1418720728
c700589e0a2a3a2d4b9f1a168a855d124c164240	BQgDAAAAAQiBAAAACGFkbWluX2lk\n	1418720736
33b6878afd1a2855c2743b75e968371d5edb6e2b	BQgDAAAAAQiBAAAACGFkbWluX2lk\n	1418720748
5c8388c3c6a34ef8968e8ceeecf6e4f0abfb0f02	BQgDAAAAAQiBAAAACGFkbWluX2lk\n	1418720778
9c41bfc956ad3376860307140281300f3b355a4a	BQgDAAAAAQiBAAAACGFkbWluX2lk\n	1418720790
98a8d0ab521dbcb8d11b4d50277374bae236619d	BQgDAAAAAQiBAAAACGFkbWluX2lk\n	1418721077
16de239ba582a3811adbc868a37f2006d283027a	BQgDAAAAAQiBAAAACGFkbWluX2lk\n	1418721152
39941c3ed328de17b73b8e100239a576fcc2bd3b	BQgDAAAAAQiBAAAACGFkbWluX2lk\n	1418721282
ddd70707e92198c16cd1ccb5440b9f458929a6df	BQgDAAAAAQiBAAAACGFkbWluX2lk\n	1418721287
f486c242d1b7620d9b430f72272701125ae9af99	BQgDAAAAAQiBAAAACGFkbWluX2lk\n	1418721296
f9d41878bafe5da7a48001ff69bba595ade8a980	BQgDAAAAAQiBAAAACGFkbWluX2lk\n	1418721313
c9178d9d7881571ead0088a24bf55c100157414e	BQgDAAAAAQiBAAAACGFkbWluX2lk\n	1418721317
2fa4814dd9afd9da75bd3cbcd974bd1c5d1cfdf5	BQgDAAAAAQiBAAAACGFkbWluX2lk\n	1418721333
714b3a4eb2b9c5246f9bbebdfc410e1f8038a856	BQgDAAAAAQiBAAAACGFkbWluX2lk\n	1418721361
ec841a7de5cdf0907a285223478b64916dcf05aa	BQgDAAAAAQiBAAAACGFkbWluX2lk\n	1418721367
fa4a887be1e13e710defe4c262cf1d26fae569c0	BQgDAAAAAQiBAAAACGFkbWluX2lk\n	1418721377
9fe1d16dfdac67d30405fa8498e61dc9be184646	BQgDAAAAAQiBAAAACGFkbWluX2lk\n	1418721419
8139c4b5e278b9f8c3d13c69f0841b4f72c644fe	BQgDAAAAAQiBAAAACGFkbWluX2lk\n	1418724718
9d82c3749b3f216936d0440665453df9cfd2d954	BQgDAAAAAQiBAAAACGFkbWluX2lk\n	1418725101
8ef06b3600827b900116a93588972da74f109c93	BQgDAAAAAQiBAAAACGFkbWluX2lk\n	1418725121
8aa5e71299ddeed2787d42d2ce14f3c5379afaad	BQgDAAAAAQiBAAAACGFkbWluX2lk\n	1418725291
d208b87f81333123c23d60cb864a6ca715211685	BQgDAAAAAQiBAAAACGFkbWluX2lk\n	1418725308
fdad9d6e7b6ade94b5322066ae5dcf4cabec4abf	BQgDAAAAAQiBAAAACGFkbWluX2lk\n	1418725582
ac18c35f74943dd7247defc45f875b2880a63d43	BQgDAAAAAQiBAAAACGFkbWluX2lk\n	1418725662
9587e74191e10c16e532098bca1dc81fc8317bad	BQgDAAAAAQiBAAAACGFkbWluX2lk\n	1418725665
00cb48a95b25441bf7c93c3b599201e970d65d5e	BQgDAAAAAQiBAAAACGFkbWluX2lk\n	1418725751
73386505cf70ca40ae6b623ed58c60bd4607403e	BQgDAAAAAQiBAAAACGFkbWluX2lk\n	1418725809
39a3c588e36262d2c6abb29fa4262ffb118cd435	BQgDAAAAAQiBAAAACGFkbWluX2lk\n	1418726594
611e6cd727b4ad7fc34a5c07f27055c16b1b5fa7	BQgDAAAAAQiBAAAACGFkbWluX2lk\n	1418734307
d9de39ad07b9a759b47695d24df8442e15e653d4	BQgDAAAAAQiDAAAACGFkbWluX2lk\n	1418734278
96c1f09168149cd8f5b0248a3f118d170681344a	BQgDAAAAAQiBAAAACGFkbWluX2lk\n	1418732141
37167b50681c223f012e904623c14bf19964cffe	BQgDAAAAAQiDAAAACGFkbWluX2lk\n	1418727498
29d1a32b7f45f1c125f41a4fb74f91ee72d773c0	BQgDAAAAAQiBAAAACGFkbWluX2lk\n	1418730916
1baf53696976272e3156cebcdc3c09a85dc22223	BQgDAAAAAQiDAAAACGFkbWluX2lk\n	1418727793
923ab56509c30dcf418d2cae77ca647fe071d42c	BQgDAAAAAQiDAAAACGFkbWluX2lk\n	1418732174
f8e204474e01a2545900045200e1ff06f99c11de	BQgDAAAAAQiDAAAACGFkbWluX2lk\n	1418737808
d46e92b5ff538f4c1682cd9e15544d8adf2d9138	BQgDAAAAAQiDAAAACGFkbWluX2lk\n	1418729554
96f709c36d343b8c3c92ac2e39a0fadd618c7ec4	BQgDAAAAAQiBAAAACGFkbWluX2lk\n	1418729608
b3326da1327c7cd101de8bbe4981630194a7029b	BQgDAAAAAQiBAAAACGFkbWluX2lk\n	1418727315
a47be998a87b8b71d9cb487ebb48828aa6929005	BQgDAAAAAQiDAAAACGFkbWluX2lk\n	1418729556
ae721b24fba1f7e254abf3bacfd3a93c86b40717	BQgDAAAAAQiDAAAACGFkbWluX2lk\n	1418729562
1442b6634bd503e2d39631d2f295dc423f1fabda	BQgDAAAAAQiBAAAACGFkbWluX2lk\n	1418727689
a09e23efae73b062a72274329dce901d986eb55d	BQgDAAAAAQiDAAAACGFkbWluX2lk\n	1418726815
0560533c35f63186e9e4482673b98362c9d4c245	BQgDAAAAAQiDAAAACGFkbWluX2lk\n	1418727776
824cf7b43311259fe489ef8bb66f6177a1ce5812	BQgDAAAAAQiBAAAACGFkbWluX2lk\n	1418727820
d5d8b251edbd1bb5336718eee1ef4edebb89e382	BQgDAAAAAQiBAAAACGFkbWluX2lk\n	1418730931
e7495addcd072740e7b0ede9d7fa1c8a68229c06	BQgDAAAAAQiDAAAACGFkbWluX2lk\n	1418729511
3c45a4fd461195d37b2cf9cef616e08648568baf	BQgDAAAAAQiDAAAACGFkbWluX2lk\n	1418726297
cebb156e11faa73bda2dd7debdf2614aa9ec6076	BQgDAAAAAQiDAAAACGFkbWluX2lk\n	1418729590
674cc02d0a720ce95e2de79d03f466a42354b335	BQgDAAAAAQiBAAAACGFkbWluX2lk\n	1418745634
24039f8c85784f60581c7c276cf4a5f8ed1a42fb	BQgDAAAAAQiBAAAACGFkbWluX2lk\n	1418729575
6e38741921b732557a6a44a2e43870a269d06ee5	BQgDAAAAAQiDAAAACGFkbWluX2lk\n	1418732163
73be1bfb43e9c4ae4b54b9fab49ff7be56f3af5b	BQgDAAAAAQiBAAAACGFkbWluX2lk\n	1418729279
267901d5d525219db4872d57483d94daace86306	BQgDAAAAAQiDAAAACGFkbWluX2lk\n	1418729492
f83f910d36b8590540d74e80ad447ff445fdb3f3	BQgDAAAAAQiDAAAACGFkbWluX2lk\n	1418729623
704705de30cc0d0b96cd46e071c36c4a3cd56359	BQgDAAAAAQiBAAAACGFkbWluX2lk\n	1418726621
b2029200ed40abb2e5874deead4df4906a38019c	BQgDAAAAAQiDAAAACGFkbWluX2lk\n	1418731493
c055fa48dc777c3b01fc47e417017aeb775b0311	BQgDAAAAAQiBAAAACGFkbWluX2lk\n	1418727485
d1fd278bd11f7dcb1dd9ceae5fc469f86fb2af54	BQgDAAAAAQiDAAAACGFkbWluX2lk\n	1418727327
cc7de7d55062df3d485ec7ca94038c5fba13c606	BQgDAAAAAQiDAAAACGFkbWluX2lk\n	1418730970
024366ac41bc01ca5411af4faaa775e8a4455f08	BQgDAAAAAQiBAAAACGFkbWluX2lk\n	1418728580
660bd580390cb5b3a31f9b3e998384d3e58c83e4	BQgDAAAAAQiBAAAACGFkbWluX2lk\n	1418745685
17286566f735079538d3f5b0fd85a06b455529a0	BQgDAAAAAQiBAAAACGFkbWluX2lk\n	1418745707
62bd04149ce92034eae6e1200e3ae0107c1a705b	BQgDAAAAAQiBAAAACGFkbWluX2lk\n	1418731050
c96d5e8261920489a30880c8a338e1c1418ad9af	BQgDAAAAAQiBAAAACGFkbWluX2lk\n	1418729801
d81ea9771d5757c71d0cf26fcd731db223aba557	BQgDAAAAAQiBAAAACGFkbWluX2lk\n	1418737329
9dde1fe4c804f22cb4b12e0459aefac2c7fefeeb	BQgDAAAAAQiBAAAACGFkbWluX2lk\n	1418730338
f688e2789cc18f27f31494d30dff82f64930754b	BQgDAAAAAQiBAAAACGFkbWluX2lk\n	1418730402
618a97e7a1747a68c67a34cdf78380fb9a14a8ef	BQgDAAAAAQiDAAAACGFkbWluX2lk\n	1418737339
8ca07b0d2d42645621b701c34d5da348a27172b0	BQgDAAAAAQiDAAAACGFkbWluX2lk\n	1418737397
d5c8e6be76a551bc24ad2cde8631f1dacbaa1ba3	BQgDAAAAAQiDAAAACGFkbWluX2lk\n	1418731300
569f6f261b3999944f8a0ab65b4485420ba6b23a	BQgDAAAAAQiDAAAACGFkbWluX2lk\n	1418737415
5a143fa52096e5cb95e53ad6c20c23924c0d1152	BQgDAAAAAQiDAAAACGFkbWluX2lk\n	1418737421
26af09621171f053f8cfb4da47a6d59ff76075f8	BQgDAAAAAQiBAAAACGFkbWluX2lk\n	1418734243
759cf9934bbc3a078effc9d58873a52978bfd714	BQgDAAAAAQiDAAAACGFkbWluX2lk\n	1418737426
0334d486c9430082a8466ef819191903c21d994d	BQgDAAAAAQiBAAAACGFkbWluX2lk\n	1418737439
2743429e99c600135b9c13bc9478df250e967110	BQgDAAAAAQiBAAAACGFkbWluX2lk\n	1418737446
2543b5ba8976ac56ff1abd9f2b37f84f141bbf20	BQgDAAAAAQiBAAAACGFkbWluX2lk\n	1418737460
cd7af5b3b8e064e00c1e8616ce970c767356c904	BQgDAAAAAQiSAAAACGFkbWluX2lk\n	1418788830
80c01893fe0f8ee72e37458fb916546d0b8a6b5d	BQgDAAAAAQiDAAAACGFkbWluX2lk\n	1418737469
50d705befd9d2eb28dd53f3d9410bc849d3317d5	BQgDAAAAAQiDAAAACGFkbWluX2lk\n	1418737498
3728309e85030f6f845e7b97bc597394ea96d6d9	BQgDAAAAAQiBAAAACGFkbWluX2lk\n	1418737512
15b108e0b061ae39ed084fa48a05be4425cc9023	BQgDAAAAAQiBAAAACGFkbWluX2lk\n	1418737516
1d889230ad5967546852cb8e0200cbcb90717725	BQgDAAAAAQiDAAAACGFkbWluX2lk\n	1418737527
b72f174d9958d973fccf9b41bc3e1e5239c0f62e	BQgDAAAAAQiSAAAACGFkbWluX2lk\n	1418788830
403daedbbfb4ea53299c6d326a332e20166a6b15	BQgDAAAAAQiSAAAACGFkbWluX2lk\n	1418788830
b1a98a958807c5bb871eb519b357b657ce959881	BQgDAAAAAQiSAAAACGFkbWluX2lk\n	1418788830
47f429ecc3060a4bdee93d90e2bc98f8d88a077c	BQgDAAAAAQiSAAAACGFkbWluX2lk\n	1418788830
d291cdb14d3c5c757b6fa3594d8555041d4e0e62	BQgDAAAAAQiSAAAACGFkbWluX2lk\n	1418788831
e2caeabddc8bca34aaab03ca9f92d5f6ccf5b821	BQgDAAAAAQiBAAAACGFkbWluX2lk\n	1418818018
4c335bd60ab5a48ee722acaadd60a271485e15ec	BQgDAAAAAQiBAAAACGFkbWluX2lk\n	1418809409
4cb9d4969c984440c9fa6e24094f93852748d085	BQgDAAAAAQiDAAAACGFkbWluX2lk\n	1418809420
1163f22d72cca855900d8807eed6f12b98899755	BQgDAAAAAQiBAAAACGFkbWluX2lk\n	1418809444
826a2e126401e3f41ffadfa4daf3c96a21279303	BQgDAAAAAQiBAAAACGFkbWluX2lk\n	1418809623
0c7b1e38dc3da2a05e5345ad2933344f4d9ab34c	BQgDAAAAAQiBAAAACGFkbWluX2lk\n	1418809854
e9cc67ddf0f55eadfb55fdeec79957eef8db6153	BQgDAAAAAQiBAAAACGFkbWluX2lk\n	1418810056
c8b29bb82c8e84fb707d99400ac07ef4604921b4	BQgDAAAAAQiDAAAACGFkbWluX2lk\n	1418894553
a364eafe9df21570d33fbf3f682f6a1fbaaf0581	BQgDAAAAAQiBAAAACGFkbWluX2lk\n	1418832757
2cea0f3fa6880336cb62f91fcefc3a0a7f3d20cf	BQgDAAAAAQiAAAAACGFkbWluX2lk\n	1418831300
4d2ea34092eba0b90e76aeb196baa4e58f316417	BQgDAAAAAQiBAAAACGFkbWluX2lk\n	1418832841
dd5de327f3c019c9cda0984d3ec9153c1db0f1f5	BQgDAAAAAQiSAAAACGFkbWluX2lk\n	1418875230
707964414b446b9987f8a8059f6866f95edf5bde	BQgDAAAAAQiSAAAACGFkbWluX2lk\n	1418875230
1568783b47dff81ea4cb925a572b05f491892416	BQgDAAAAAQiDAAAACGFkbWluX2lk\n	1418823561
c45afe39ef749a432baae38e7c0bc40d261410b2	BQgDAAAAAQiSAAAACGFkbWluX2lk\n	1418875230
d64c0ca391a9866e56484992f66549f211484a3a	BQgDAAAAAQiAAAAACGFkbWluX2lk\n	1418831315
0953daa5ba53859def082fee3260f62b59ce13aa	BQgDAAAAAQiBAAAACGFkbWluX2lk\n	1418820861
c1aa8533c560fdaa0f90fc9efc91ab37df29d6a4	BQgDAAAAAQiAAAAACGFkbWluX2lk\n	1418831328
198e5f2815225a486d9a8060dd612c64f9a0d42d	BQgDAAAAAQiBAAAACGFkbWluX2lk\n	1418832692
18e36cfd28fcb38824f26d64b5d536095d72f621	BQgDAAAAAQiSAAAACGFkbWluX2lk\n	1418875230
eba433641e94cb348dfde6b8a9a351dc4da1422f	BQgDAAAAAQiDAAAACGFkbWluX2lk\n	1418832748
a96d6a90c0e0f3f1df10c9757eec6501b95f98ae	BQgDAAAAAQiSAAAACGFkbWluX2lk\n	1418875230
cd92b90a668aa80ea69700e0188ff55f5182a436	BQgDAAAAAQiSAAAACGFkbWluX2lk\n	1418875230
2c1b854a1282a1091151286a5509587181374cd0	BQgDAAAAAQiBAAAACGFkbWluX2lk\n	1418819466
06998f50c3dbbc7226de831fd68d1c8bf6143de3	BQgDAAAAAQiAAAAACGFkbWluX2lk\n	1418894522
f62b68e7e0bf63933cfd12585c4e7455697b7498	BQgDAAAAAQiAAAAACGFkbWluX2lk\n	1418831464
4be65bf15174a65aeefde390ee2903174f224517	BQgDAAAAAQiAAAAACGFkbWluX2lk\n	1418831518
2595b38e41feda49f5e2f8230313eb2af9121dc9	BQgDAAAAAQiAAAAACGFkbWluX2lk\n	1418831542
c88952854da2abe02fb97cef6ccf17d4fbbc49a2	BQgDAAAAAQiBAAAACGFkbWluX2lk\n	1418823153
fac2add96581d7f39a8f24569500da39359a9dac	BQgDAAAAAQiAAAAACGFkbWluX2lk\n	1418831549
3a11d72d587855007a899032faade1a3ac2899b0	BQgDAAAAAQiAAAAACGFkbWluX2lk\n	1418831560
1d870da1708e5ddb00e34e882951b0e8024b1a10	BQgDAAAAAQiBAAAACGFkbWluX2lk\n	1418895570
2a4e1e445a4f43976782f738e5d3589331dd601e	BQgDAAAAAQiBAAAACGFkbWluX2lk\n	1418819457
de24be7864101f0eb41f08908cf3dceb8456771f	BQgDAAAAAQiAAAAACGFkbWluX2lk\n	1418894177
b3fa70cd9a380926761c2c9172f35b2b78629897	BQgDAAAAAQiBAAAACGFkbWluX2lk\n	1418832037
c23c4e41a735a737df23cbc00eb3b745c16362e6	BQgDAAAAAQiAAAAACGFkbWluX2lk\n	1418894200
f4e37daec9cc9624272e2a53a793f2a9a5181053	BQgDAAAAAQiBAAAACGFkbWluX2lk\n	1418890606
286801eefd797bad18e60b53063cba5517f8c7d8	BQgDAAAAAQiAAAAACGFkbWluX2lk\n	1418894971
01561c0c404624ab8baa5dcc25d6c78644e437a5	BQgDAAAAAQiBAAAACGFkbWluX2lk\n	1418830733
d047a5999405bb42cedfa5fe09e4dd5397e38b6e	BQgDAAAAAQiBAAAACGFkbWluX2lk\n	1418830744
b306aeb4fb7ab06bc490a954a86b79732b6c6e76	BQgDAAAAAQiBAAAACGFkbWluX2lk\n	1418830773
dacdb5472f6dc21c5148850204f7b24a81f203cb	BQgDAAAAAQiBAAAACGFkbWluX2lk\n	1418830788
fefeef584d5eb2d9a19af371d50f1d7a15b75920	BQgDAAAAAQiDAAAACGFkbWluX2lk\n	1418824959
00bf1354b6dcabd6f48730a1022bf4504e68956f	BQgDAAAAAQiDAAAACGFkbWluX2lk\n	1418822143
66da2a52e60ab2d87b0f7215ec0deea92e762b6e	BQgDAAAAAQiAAAAACGFkbWluX2lk\n	1418830812
88ae79e4da0a6f0f701c2a062f4a86c3d2a74e8a	BQgDAAAAAQiAAAAACGFkbWluX2lk\n	1418830827
d99e79d3c699c1c27dad8efb95f50ae99ccfdec7	BQgDAAAAAQiAAAAACGFkbWluX2lk\n	1418830838
c13515a161b3a5b52db3baaa549f05c36ba6d959	BQgDAAAAAQiDAAAACGFkbWluX2lk\n	1418824378
21432789c6be96e33ba3796030fb3c4414b55a4f	BQgDAAAAAQiBAAAACGFkbWluX2lk\n	1418824345
c379ee3d52b33a82f3a28961c0fa5424ee7a9341	BQgDAAAAAQiAAAAACGFkbWluX2lk\n	1418830878
1cea59770f0bae93534218d604ade0e32de7d315	BQgDAAAAAQiAAAAACGFkbWluX2lk\n	1418894995
533add58f95715a4d50d21a617bdc2ff82666dec	BQgDAAAAAQiAAAAACGFkbWluX2lk\n	1418894918
f9140dce0214da5fc1d463dc3966ef1767644a38	BQgDAAAAAQiBAAAACGFkbWluX2lk\n	1418894531
7cf6d9069ffd6c6ed5b2c27f42a240860e39e733	BQgDAAAAAQiBAAAACGFkbWluX2lk\n	1418894283
ab918bfc6521e8bbce3739b7049fb1831a9901d9	BQgDAAAAAQiAAAAACGFkbWluX2lk\n	1418831084
b3e9b11f6f628d04189a2153dbbf0fa8fbdfabf1	BQgDAAAAAQiAAAAACGFkbWluX2lk\n	1418831133
320d8a445dde6ababc600fc33ea9435a7deebd5e	BQgDAAAAAQiAAAAACGFkbWluX2lk\n	1418894997
66f7399ef4944babd4bdfde90de26683a451b5dd	BQgDAAAAAQiAAAAACGFkbWluX2lk\n	1418831216
5feb4d8d0e433de025ddf903a0ad97c0af310927	BQgDAAAAAQiAAAAACGFkbWluX2lk\n	1418831277
2e15df3e01c04986fede00237e4d9330f29fee39	BQgDAAAAAQiAAAAACGFkbWluX2lk\n	1418831293
d3cca8b08c54bcda86fe64017264346faaf5bac4	BQgDAAAAAQiAAAAACGFkbWluX2lk\n	1418894933
8b0f5307f9952bc2bed107873c16c454c3c1b249	BQgDAAAAAQiAAAAACGFkbWluX2lk\n	1418895001
99c40d5df448d5aa82e5d74ef9abf518e314dc96	BQgDAAAAAQiAAAAACGFkbWluX2lk\n	1418895016
5ffded0893c0cdbab6dc69ac245fe1e7ae0d48be	BQgDAAAAAQiAAAAACGFkbWluX2lk\n	1418895019
fec55842e13ec45ed6ed8a796fbf55bc43e2ab22	BQgDAAAAAQiAAAAACGFkbWluX2lk\n	1418894424
54ccfc27bd58fde6b87858126baee1764f92703e	BQgDAAAAAQiAAAAACGFkbWluX2lk\n	1418895022
fc57e6cb548d3ab733968ca6e7e3ea36ca379a95	BQgDAAAAAQiAAAAACGFkbWluX2lk\n	1418895025
d8128a2d1aab59b6b9cbeea30727ae398840946c	BQgDAAAAAQiAAAAACGFkbWluX2lk\n	1418895027
8563c8b8c7163ad53a2b60eab444d409f0b5d3e3	BQgDAAAAAQiAAAAACGFkbWluX2lk\n	1418895029
2e2c3510a9d7eb22f27aca751475431707ed3996	BQgDAAAAAQiAAAAACGFkbWluX2lk\n	1418895033
3c3ba24c009a45ed1b4fd244505a76b689916303	BQgDAAAAAQiAAAAACGFkbWluX2lk\n	1418895039
79668d67daec69184989f1ab9d01b2a1fe146506	BQgDAAAAAQiAAAAACGFkbWluX2lk\n	1418895082
404cc45bd4b92af913e83e8dd8c55e2e5ec96306	BQgDAAAAAQiAAAAACGFkbWluX2lk\n	1418895088
51057cf70ca2104aeabd5882d58ec680ea285258	BQgDAAAAAQiAAAAACGFkbWluX2lk\n	1418895089
f127cdf7f19f1c40e7d790259dc1b00356ed7264	BQgDAAAAAQiAAAAACGFkbWluX2lk\n	1418895090
c7f8b6e89ba45272729523ab7645d779a01c3df6	BQgDAAAAAQiSAAAACGFkbWluX2lk\n	1418997803
8c0918ed4ff7802de985cb3df983943fb6a6a5a6	BQgDAAAAAQifAAAACGFkbWluX2lk\n	1418999041
91ce5d8c5a1eaf224c51c7ab3a87be7de246a8ae	BQgDAAAAAQiBAAAACGFkbWluX2lk\n	1418981423
226e8e13ae4c4d3b719e2cb29c1e99bd708b999c	BQgDAAAAAQiAAAAACGFkbWluX2lk\n	1418900975
02c27573fa9c75323692ff530a22214a6df7d363	BQgDAAAAAQiBAAAACGFkbWluX2lk\n	1418916586
eb340d92018db9ff0af683dd21e1116ca9835d56	BQgDAAAAAQiAAAAACGFkbWluX2lk\n	1418907786
f1fdac7a88e836d96b73c7770a60e87411ff12f1	BQgDAAAAAQiBAAAACGFkbWluX2lk\n	1418907943
d87588f86d25a632c86c13c190d4f282efe50f95	BQgDAAAAAQiBAAAACGFkbWluX2lk\n	1418916605
3c6b071ff6b3c82eca14bb7e2acc32c77db847ca	BQgDAAAAAQiBAAAACGFkbWluX2lk\n	1418916630
4b1926e852d6f0512a5dba70e93ed9f3fdf7e894	BQgDAAAAAQiBAAAACGFkbWluX2lk\n	1418902977
84be735fe38a9e8d781256ee42ba70276bef3721	BQgDAAAAAQiBAAAACGFkbWluX2lk\n	1418916632
8cfca6c2fcddf14ea8d9d557b31b95b125562ad6	BQgDAAAAAQiBAAAACGFkbWluX2lk\n	1418916636
7bab9262a4b708bdb776d96489835f8ecc69a95a	BQgDAAAAAQiBAAAACGFkbWluX2lk\n	1418916639
958b1cb6e6279e8aceedcf815ebd5a0265f01392	BQgDAAAAAQiBAAAACGFkbWluX2lk\n	1418916641
080b3ce74992b0d842031f83790f66dae19292a7	BQgDAAAAAQiBAAAACGFkbWluX2lk\n	1418916642
d27588f5142ef692692c6337995d4e67888b7422	BQgDAAAAAQiBAAAACGFkbWluX2lk\n	1418916643
55fc9eee4c5e59ff67ed70c387c41ee63b848a6c	BQgDAAAAAQiBAAAACGFkbWluX2lk\n	1418907841
5e6dab0eee0e1b0cf3162cd26865d1bbbc9ddabc	BQgDAAAAAQiBAAAACGFkbWluX2lk\n	1418916644
7fb0855b39f77d059079ffb0dea38ca7bea5f6f9	BQgDAAAAAQiBAAAACGFkbWluX2lk\n	1418916646
faf0d103785eb73ddaab9ea1e6ac76e78c55343d	BQgDAAAAAQiBAAAACGFkbWluX2lk\n	1418916647
bae8278a9260eaeb1cce90a441810d0225ee2e75	BQgDAAAAAQiBAAAACGFkbWluX2lk\n	1418916649
a914aad71b707bfcef8efbfbb8b4d465637bf58f	BQgDAAAAAQiBAAAACGFkbWluX2lk\n	1418916649
fb4fced6d3e4b9afbd5c206f83e3f5b7a00d3040	BQgDAAAAAQiBAAAACGFkbWluX2lk\n	1418907977
19b4cad8eeb56a785761fd3e54c95f28aec15f8e	BQgDAAAAAQiBAAAACGFkbWluX2lk\n	1418907996
d65ee18617e1873c0b3921ac073402a05c8969e7	BQgDAAAAAQiBAAAACGFkbWluX2lk\n	1418908055
e079931cf4c608ccefe6d7a8837404b939ae5338	BQgDAAAAAQiBAAAACGFkbWluX2lk\n	1418916650
ce254176c59064924014413ad838d517af9ed0d5	BQgDAAAAAQiBAAAACGFkbWluX2lk\n	1418916651
5a6f32dbeacd43f27853931ae35e36f5ecd4d5bd	BQgDAAAAAQiBAAAACGFkbWluX2lk\n	1418917734
dfeb4a6caf4aad4d6bc56bcd9a82d85465be2bd4	BQgDAAAAAQiAAAAACGFkbWluX2lk\n	1418897905
7ad300a51da5acde70e001f40c8e44e6f26d0641	BQgDAAAAAQiSAAAACGFkbWluX2lk\n	1418961630
3b5d5576a1002d919c0406b76bf3ddfcf1cbdda9	BQgDAAAAAQiBAAAACGFkbWluX2lk\n	1418918910
398d1778cd56af08e3b43bd12d9db7eab8004c9c	BQgDAAAAAQiAAAAACGFkbWluX2lk\n	1418895953
aae2f8cdc3fee94606d0e918a4698c3e50535e2e	BQgDAAAAAQiSAAAACGFkbWluX2lk\n	1418961630
9b7e263c3818f239a9fd2a06b180e4b5c04a3ad5	BQgDAAAAAQiSAAAACGFkbWluX2lk\n	1418961630
0aa050861e250c5cebbe56de362dca4cbdc6b3a9	BQgDAAAAAQiSAAAACGFkbWluX2lk\n	1418961630
6b8db723e7c33a67d67128042a244ca99c1e6d8f	BQgDAAAAAQiSAAAACGFkbWluX2lk\n	1418961630
8b94479cb98c837b6bf5bc72ad4c0c1a399fa495	BQgDAAAAAQiSAAAACGFkbWluX2lk\n	1418961631
848ccca40842c9f5c0f439ce11311d836cc8a08e	BQgDAAAAAQiBAAAACGFkbWluX2lk\n	1418908640
94cce8b138fba7248113a310b44f54089221c4ba	BQgDAAAAAQiBAAAACGFkbWluX2lk\n	1418908688
3a840b831bd4a48f94bf8c7d0fcbfcc5e80347b8	BQgDAAAAAQiBAAAACGFkbWluX2lk\n	1418908692
b23ff66d1d391f6c143155036581886617c1ec73	BQgDAAAAAQiBAAAACGFkbWluX2lk\n	1418908694
16fe90aa684205bacf60df433c439b6a082e0dfb	BQgDAAAAAQiBAAAACGFkbWluX2lk\n	1418908702
e6ed1837891ec584764c4deb446851a5f7ccd344	BQgDAAAAAQiBAAAACGFkbWluX2lk\n	1418908713
53dec8147a2cfb7dbf1164a6dcd9383b2a5e73a3	BQgDAAAAAQiBAAAACGFkbWluX2lk\n	1418918438
13c8ec928d877cbaaf9aa40479beb584eec2ff67	BQgDAAAAAQiBAAAACGFkbWluX2lk\n	1418917723
6d1fb4b77e3edce99ab45ac9898586af5685fa8e	BQgDAAAAAQiAAAAACGFkbWluX2lk\n	1418896209
5cadccc2afd4b35963b3789cf958dc211139fb09	BQgDAAAAAQiBAAAACGFkbWluX2lk\n	1418977955
45a68b073f3eebffc5274ec4ade5d819c836232b	BQgDAAAAAQiBAAAACGFkbWluX2lk\n	1418976861
bab166e101ecb1e656d4d1e63549ddb994309ace	BQgDAAAAAQiBAAAACGFkbWluX2lk\n	1418977959
e0b333b742c33b495af325ec62de06a6db1928c5	BQgDAAAAAQiBAAAACGFkbWluX2lk\n	1418976839
71360962ee74726e8d5a3a6056043f62d26714ba	BQgDAAAAAQiSAAAACGFkbWluX2lk\n	1418997803
07955b6bc6a2d62f6b63315902c8536e1c409679	BQgDAAAAAQiBAAAACGFkbWluX2lk\n	1419335788
750e8e699af1db43b5e74f6400b2824c1877d18d	BQgDAAAAAQiSAAAACGFkbWluX2lk\n	1418997805
26f35c465e6435bbf1cd2ef04344d31cf0646cca	BQgDAAAAAQiBAAAACGFkbWluX2lk\n	1418997806
18d4dd7484fe453f2e9b601841941852f6767c47	BQgDAAAAAQiBAAAACGFkbWluX2lk\n	1418996948
f8d49311beb95b172d3e950b211b4c8a5d7bce43	BQgDAAAAAQiBAAAACGFkbWluX2lk\n	1418988510
fe451119f210fedfb97d96747336f8f1d9c9a3e0	BQgDAAAAAQiBAAAACGFkbWluX2lk\n	1418979342
886d7f7c3d51691c97e5edb93742aac929414002	BQgDAAAAAQiSAAAACGFkbWluX2lk\n	1418997804
0eb7320a65f63d16cee0a3a9fd28c51c422d11fd	BQgDAAAAAQiSAAAACGFkbWluX2lk\n	1418997802
72be097b1d1e34a4fe1995fe840010c8e456858e	BQgDAAAAAQiSAAAACGFkbWluX2lk\n	1418997805
7a774bcb16828e182dc828bcbcad32fa9249ab4c	BQgDAAAAAQiBAAAACGFkbWluX2lk\n	1419336090
38030773a08e3f26b39fca5aead87fb4dfd7f04e	BQgDAAAAAQiDAAAACGFkbWluX2lk\n	1419340307
3acd2ed1149409a035a85785e320c39756aac53f	BQgDAAAAAQiDAAAACGFkbWluX2lk\n	1419340321
e4dd8fcb6ca34f2ad96fd6ad4b0f122960cc87dd	BQgDAAAAAQiBAAAACGFkbWluX2lk\n	1418999002
c3bbbfa49073906556b0d2e4c190a33964cb24d1	BQgDAAAAAQiDAAAACGFkbWluX2lk\n	1419340338
54d535bb3019c1521baba75d3c985aa89a5aa551	BQgDAAAAAQiDAAAACGFkbWluX2lk\n	1419340363
3f643a3af7be9be7bcfa31e49547006701fc1fac	BQgDAAAAAQiDAAAACGFkbWluX2lk\n	1419340382
030f54e0ce22786552a99997184cb1f775100276	BQgDAAAAAQiDAAAACGFkbWluX2lk\n	1419340430
e0aba9c77cf08580accf2d6f099b9eb3a399e905	BQgDAAAAAQiDAAAACGFkbWluX2lk\n	1419342742
5f63e7572c11768c3c92f7f113ad0d1c03ddf89e	BQgDAAAAAQiDAAAACGFkbWluX2lk\n	1419342745
0cfcd21a75ee66020c48c7e538d6903fbefaffa3	BQgDAAAAAQiDAAAACGFkbWluX2lk\n	1419345421
18e4d1adbe50117c570ec9f5776c063c6fa85682	BQgDAAAAAQiBAAAACGFkbWluX2lk\n	1419412353
580a9dc8d9c1b72462f430bc1734ef5f44aabd8d	BQgDAAAAAQiBAAAACGFkbWluX2lk\n	1419412384
49a9e7c6056027def6ccef178ebc3fb197ceb8e0	BQgDAAAAAQiBAAAACGFkbWluX2lk\n	1419412406
f850ae7bfe03a59c704fac70f394ad5388122b4b	BQgDAAAAAQiBAAAACGFkbWluX2lk\n	1419412423
98c13325cb3650e2791ced2d7fd9820da8bfbef1	BQgDAAAAAQiBAAAACGFkbWluX2lk\n	1419412595
5059990d6eaee099ac00337542019740d6714049	BQgDAAAAAQiBAAAACGFkbWluX2lk\n	1419416529
8e3597b87e702e06ce0e846691b34f94a43d2c25	BQgDAAAAAQiBAAAACGFkbWluX2lk\n	1419416538
c50089025cf83b57943e3462bc942aeb1b0ea799	BQgDAAAAAQiBAAAACGFkbWluX2lk\n	1419418353
ff0ead69878217dc44e83e3c582c50750bd2120f	BQgDAAAAAQiBAAAACGFkbWluX2lk\n	1419418487
b937bc4f09faca13481568aa8db6507d96f82e91	BQgDAAAAAQiAAAAACGFkbWluX2lk\n	1420649500
82e6009b1cf5035c1051efbb41a070763a3c7478	BQgDAAAAAQiBAAAACGFkbWluX2lk\n	1420624906
c4462a580611b9f9795f58f5fbc536429e586deb	BQgDAAAAAQiBAAAACGFkbWluX2lk\n	1420619056
20efd79eef3649470a5217951e39b0782169a80f	BQgDAAAAAQiBAAAACGFkbWluX2lk\n	1420473618
5b6fc6f5cc49de7ea8aecd8217a287b4bfefaebc	BQgDAAAAAQiBAAAACGFkbWluX2lk\n	1420624917
6c5ca18316f06622e7b7bb6ab5aec00f6952f817	BQgDAAAAAQiBAAAACGFkbWluX2lk\n	1420649761
f6fc6c6e7167c77bd34d7b26a3090beeaa38944d	BQgDAAAAAQiAAAAACGFkbWluX2lk\n	1420628613
b371c80f467282f2ca32f9f98596d5750c7473b5	BQgDAAAAAQiBAAAACGFkbWluX2lk\n	1420628320
2e4aeadc6108a60f65f23dd0b834e6ab204b65dc	BQgDAAAAAQiBAAAACGFkbWluX2lk\n	1420628109
bf326582b6d927973f3b352183e08557cbedf632	BQgDAAAAAQiKAAAACGFkbWluX2lk\n	1420628247
98aeba3c0ffeb9463256af97e5bc0ab58c289ddb	BQgDAAAAAQiDAAAACGFkbWluX2lk\n	1420628150
822acdcb1adbf73949ce15d7c22db4d0db1fb24c	BQgDAAAAAQiKAAAACGFkbWluX2lk\n	1420628307
b194131b5e018da0c70c37d42ceba7e7791b8325	BQgDAAAAAQiSAAAACGFkbWluX2lk\n	1420620666
ff04b5bb02866a7a8b16a363767be4509cbc35b1	BQgDAAAAAQiBAAAACGFkbWluX2lk\n	1420474217
d5e44fde7e6c86690c8b81bb945f0943e6e699d4	BQgDAAAAAQiBAAAACGFkbWluX2lk\n	1420649124
004b1bf191893efbab552013d5157b543dd83df6	BQgDAAAAAQiBAAAACGFkbWluX2lk\n	1420648959
ec13e31edaf61e243e143f13f40a44206c95481b	BQgDAAAAAQiSAAAACGFkbWluX2lk\n	1420618828
a3cb879cd8cda1bb86ccadd0cb66076b731917b6	BQgDAAAAAQiSAAAACGFkbWluX2lk\n	1420618829
e74a0d14de6ede567d6dd2658f87539f877e303a	BQgDAAAAAQiSAAAACGFkbWluX2lk\n	1420618829
71b7f433330eebcef116ac1ddc064c27f8eb0cb3	BQgDAAAAAQiSAAAACGFkbWluX2lk\n	1420618829
67f829eb628778f906a92082949793146fc963c1	BQgDAAAAAQiSAAAACGFkbWluX2lk\n	1420618829
c76d4f2f407b42fdcbc8e7ea0f3349d59a413839	BQgDAAAAAQiBAAAACGFkbWluX2lk\n	1420628135
6837df3cd3e1011fc6aa09f91da49449b7808410	BQgDAAAAAQiBAAAACGFkbWluX2lk\n	1420618844
f06b2b27757e9f5cc24c8e477ea9e0ca07739fda	BQgDAAAAAQiBAAAACGFkbWluX2lk\n	1420618893
2e176391df7ccb78c0bb4e96bf4428d00d89d3cc	BQgDAAAAAQiBAAAACGFkbWluX2lk\n	1420618916
a486941257ecec7b5f38f75ad88544e05c5b841c	BQgDAAAAAQiBAAAACGFkbWluX2lk\n	1420618934
048d90e3490d69a51213ba6e521b156ce1563064	BQgDAAAAAQiBAAAACGFkbWluX2lk\n	1420618973
e1b6c1401f885bda3c0a2bdfd7b199d31de3731e	BQgDAAAAAQiKAAAACGFkbWluX2lk\n	1420630573
a46c427f2cf40d9ffb70b5e9c58e95733caaf8ac	BQgDAAAAAQiKAAAACGFkbWluX2lk\n	1420628491
652e0f0afb9da8e99adb11e379d222330ae324b1	BQgDAAAAAQiBAAAACGFkbWluX2lk\n	1420628280
4e98b0f04aeb69aee6a6d98ffc0146ed4d87b1b3	BQgDAAAAAQiSAAAACGFkbWluX2lk\n	1420516872
8e3c8ada267d1d4d2e5734cbe63db5bcd4c4befc	BQgDAAAAAQiSAAAACGFkbWluX2lk\n	1420516872
2bdccfa683f3b7a39b7f32e8d16fd77e534f4a41	BQgDAAAAAQiSAAAACGFkbWluX2lk\n	1420516872
8e4c930e36c6702e30d888541029366e17af1ed8	BQgDAAAAAQiSAAAACGFkbWluX2lk\n	1420516872
831e7c85e80fa0c7a02fb93620d253dc332fae53	BQgDAAAAAQiSAAAACGFkbWluX2lk\n	1420516872
11da86826763459748814c4fee88d959bee478f3	BQgDAAAAAQiSAAAACGFkbWluX2lk\n	1420516872
1aee97ec4e1d1571481a06bcbc1dba4a71451945	BQgDAAAAAQiBAAAACGFkbWluX2lk\n	1420618825
df9e4fd93fbff4c8dfd1c6e7b3cc519ae32ac8af	BQgDAAAAAQiAAAAACGFkbWluX2lk\n	1420628436
78a2db420a9ca8289418612f72ea7789ea9285f3	BQgDAAAAAQiDAAAACGFkbWluX2lk\n	1420628227
312d242ac4d278d61e774cfd1015d17f571926af	BQgDAAAAAQiAAAAACGFkbWluX2lk\n	1420648934
7907d6247b70c4f8e46544b7d831a8a054abb5ef	BQgDAAAAAQiBAAAACGFkbWluX2lk\n	1420624128
562e294e505bd4767ff1dd76999faa033bbe88b2	BQgDAAAAAQiBAAAACGFkbWluX2lk\n	1420624132
b87ca296dc1149879170dcb609dda2d4b5b69614	BQgDAAAAAQiBAAAACGFkbWluX2lk\n	1420624143
6cdb004352e694e90c048f6f5f02390a9899bd25	BQgDAAAAAQiBAAAACGFkbWluX2lk\n	1420624179
bec70ad7c45675050a92325d9fd0226df41c4bae	BQgDAAAAAQiBAAAACGFkbWluX2lk\n	1420624236
c982f47216b8b44f4ad53a6edaed1b958da94597	BQgDAAAAAQiDAAAACGFkbWluX2lk\n	1420648961
2a28bdd906176ffee7139fb17d9e7884ec020d43	BQgDAAAAAQiBAAAACGFkbWluX2lk\n	1420649007
6c4458441d74e6ecd24a9fbefec5ba94f0926f05	BQgDAAAAAQiBAAAACGFkbWluX2lk\n	1420649930
d40e27eb6f160c686d3c359d6bca4e694a4c59d6	BQgDAAAAAQiAAAAACGFkbWluX2lk\n	1420636745
bd649c294ba1164c3b07cef763139c35c525f434	BQgDAAAAAQiBAAAACGFkbWluX2lk\n	1420641291
ee4dba84fcd102e1d1d1490e7701ceb51b2ececa	BQgDAAAAAQiAAAAACGFkbWluX2lk\n	1420649918
8baa9b7e68a73ac5cb5c3dcda5617dbbd98bc268	BQgDAAAAAQiBAAAACGFkbWluX2lk\n	1420641306
0c6a0734f3583ba7623793cb647098b6e58378a6	BQgDAAAAAQiBAAAACGFkbWluX2lk\n	1420641370
0222e4a9fc1f5b1424ad3304fc97e7363bba44a9	BQgDAAAAAQiDAAAACGFkbWluX2lk\n	1420649770
0290c0a58706d3f7c887cb0aaff0a9939c73d895	BQgDAAAAAQiKAAAACGFkbWluX2lk\n	1420649788
31c5da394456bc1348e11f55fa701d69dfd86628	BQgDAAAAAQiKAAAACGFkbWluX2lk\n	1420649940
4b6001455f1c8db6523bdae3121969536984134a	BQgDAAAAAQiAAAAACGFkbWluX2lk\n	1420650058
dceed8742ce1233885ac4f9ccb8b3eca4a101288	BQgDAAAAAQiSAAAACGFkbWluX2lk\n	1420689664
289d322a81b166f319dc2787201e85b6b3ce424d	BQgDAAAAAQiSAAAACGFkbWluX2lk\n	1420689664
ca03ffc396b6423d1483893f2dcd0457fa40d47f	BQgDAAAAAQiSAAAACGFkbWluX2lk\n	1420689664
e03f0076f14f350ce598e9ca331c2336be3b70dd	BQgDAAAAAQiSAAAACGFkbWluX2lk\n	1420689664
e1b8b4c02a5a84a719e8e756dc819c72d25cf432	BQgDAAAAAQiSAAAACGFkbWluX2lk\n	1420689665
5750c4b581b5ec250d81a413405f1024c660d6e5	BQgDAAAAAQiSAAAACGFkbWluX2lk\n	1420689665
ab729488bbc3fca969970669e25ca73bdf679034	BQgDAAAAAQiBAAAACGFkbWluX2lk\n	1420707777
49e2b6652c426b2133cf07926112965529be77eb	BQgDAAAAAQiBAAAACGFkbWluX2lk\n	1420710259
c452305c03155e1396e75b484cd8ca6271508228	BQgDAAAAAQifAAAACGFkbWluX2lk\n	1420710892
4c1119693bdbd653fffc781f2476fd3263003b6d	BQgDAAAAAQiBAAAACGFkbWluX2lk\n	1420713127
24830f68230d6b3ae860a743cfc8fb78eec902df	BQgDAAAAAQiBAAAACGFkbWluX2lk\n	1420713129
08ad77b32cd13c0d9fd32fbe09c3a82e8717ecbe	BQgDAAAAAQiBAAAACGFkbWluX2lk\n	1420713197
5d92a030cca74519fbf70973679cc3a19df8578c	BQgDAAAAAQiBAAAACGFkbWluX2lk\n	1420713199
a7b28f98df2e80850661e238e36356efdac0fcae	BQgDAAAAAQiBAAAACGFkbWluX2lk\n	1420713200
4e71890fa8c4f5f50d6911f414f08550c1c9f518	BQgDAAAAAQiBAAAACGFkbWluX2lk\n	1420713251
b5a6404954a93161e60b68939b7fb3f054c93f46	BQgDAAAAAQiBAAAACGFkbWluX2lk\n	1420713257
e02eb2c28f3048f3eede4d7ac20b212eef1e6269	BQgDAAAAAQiBAAAACGFkbWluX2lk\n	1420709236
d3cc4e9f9e184b45acd6c8d8aa438b0c110c4f62	BQgDAAAAAQiBAAAACGFkbWluX2lk\n	1420713259
933c2539df48f6cac4346b7258c35b0215b1d8df	BQgDAAAAAQiBAAAACGFkbWluX2lk\n	1420713261
ccad0bb66890452fd072283bf6c3a2c61217379b	BQgDAAAAAQiBAAAACGFkbWluX2lk\n	1420713264
91be632df48f9099030215d8c73787f926bddd71	BQgDAAAAAQiBAAAACGFkbWluX2lk\n	1420714500
48612539a6fea544c130b8b437f7cc2420a4c217	BQgDAAAAAQiBAAAACGFkbWluX2lk\n	1420714623
f708a5028a934fee676877edf2e5ed7a62e7244d	BQgDAAAAAQiBAAAACGFkbWluX2lk\n	1420714784
f2b2c1f7799a5ac20be2c95f95084f8a919a4c75	BQgDAAAAAQiBAAAACGFkbWluX2lk\n	1420714790
1fe25a4444bab9113411305bcd23939cb795b1d2	BQgDAAAAAQiBAAAACGFkbWluX2lk\n	1420714820
a1d9857bfb11395188b6345a9cd6673533da45b8	BQgDAAAAAQiBAAAACGFkbWluX2lk\n	1420714833
240141d4c12b680bfe9e4c7e4bebc93bed91023b	BQgDAAAAAQiBAAAACGFkbWluX2lk\n	1420709455
05445837216aea3829faf4df610ede2195181bfa	BQgDAAAAAQiBAAAACGFkbWluX2lk\n	1420720585
39e9e4aecc22bc87a6523e98ae9f96676087985a	BQgDAAAAAQiBAAAACGFkbWluX2lk\n	1420720588
21a39afac0df1f61d31c1abadb0348e503cc4e49	BQgDAAAAAQiBAAAACGFkbWluX2lk\n	1420720597
28ba5f9baec3c36dddc0b0bb95310663f8aa5b7b	BQgDAAAAAQifAAAACGFkbWluX2lk\n	1420720670
5ad8e693c1914257c3bab357da58176f8c1f757e	BQgDAAAAAQiDAAAACGFkbWluX2lk\n	1420709257
40710e2fe1337e59b46272ffdc19066ce53f8c15	BQkDAAAAAQiBAAAACGFkbWluX2lk\n	1421338181
4005092112e3a2a7543cdc0b59df9db7be31bd84	BQkDAAAAAQiBAAAACGFkbWluX2lk\n	1421338195
6a048f8f2c2842650a2393a970170501d6c579f2	BQkDAAAAAQiBAAAACGFkbWluX2lk\n	1421338200
c1041e98eab97678854ab1691baebbdee27f987e	BQkDAAAAAQiBAAAACGFkbWluX2lk\n	1421339309
c1e28a47fa30c597a52343aae7ea6eb5868db13d	BQkDAAAAAQiBAAAACGFkbWluX2lk\n	1421339661
580a64a0bca4940aec8ea1123fd87875fda7ee6b	BQkDAAAAAQiBAAAACGFkbWluX2lk\n	1421339676
e295b26931bfb2f559e965deb95cecdae7b6040c	BQkDAAAAAQiBAAAACGFkbWluX2lk\n	1421339687
7db5099733457aabcf0c73abdb2c8db092d3e956	BQkDAAAAAQiBAAAACGFkbWluX2lk\n	1421339690
6e2ae0e04353fd4c4149c27e2f9559d196fb8278	BQkDAAAAAQiBAAAACGFkbWluX2lk\n	1421339711
cf16c9dd86328e56f537fcb5a68ab6a21a165390	BQkDAAAAAQiBAAAACGFkbWluX2lk\n	1421339717
494ebcfbbb3fe318130dce5d337f982601ce0705	BQkDAAAAAQiBAAAACGFkbWluX2lk\n	1421339725
64a87f64c1aa9b7dfcd3c1b448236c1b9a93e594	BQkDAAAAAQiBAAAACGFkbWluX2lk\n	1421339731
17436dce98e19459ecb42ce60f00916f48bde614	BQkDAAAAAQiBAAAACGFkbWluX2lk\n	1421339746
0c1d8476ac577a032dd3aab30d4fa35f8cd5050d	BQkDAAAAAQiBAAAACGFkbWluX2lk\n	1421339754
3ebcf7e5f17efb1d07d7a53df0dc98dff6e466da	BQkDAAAAAQiBAAAACGFkbWluX2lk\n	1421339782
6d3b8de3437ff20ad3f570ae0686c23ed2690ec7	BQkDAAAAAQiBAAAACGFkbWluX2lk\n	1421339799
623270f0df6123525a196bc987bf5c3658b4c216	BQkDAAAAAQiBAAAACGFkbWluX2lk\n	1421339809
02487d87a226a25a195b88715916bee7bc3f655d	BQkDAAAAAQiBAAAACGFkbWluX2lk\n	1421339812
208eb73bd059c68f6a5d3d98a97d3c1d646d704f	BQkDAAAAAQiBAAAACGFkbWluX2lk\n	1421339832
17e4f5103171ebb0c945197d3eced2478a4afa15	BQkDAAAAAQiBAAAACGFkbWluX2lk\n	1421339862
b2321653ad7ab94c39a7ad846394efa0e1b5029f	BQkDAAAAAQiBAAAACGFkbWluX2lk\n	1421339887
f14679096a38a86eaa0febb809de78fe62429b57	BQkDAAAAAQiBAAAACGFkbWluX2lk\n	1421339895
c9710836bc64fe698adeb4f5e38608fb927f9226	BQkDAAAAAQiBAAAACGFkbWluX2lk\n	1421339910
4ecd01b035abbaa462fe5551d9b28550416d25a9	BQkDAAAAAQiBAAAACGFkbWluX2lk\n	1421339974
76bd882d76efae083e76f9e4a418dc03061cc427	BQkDAAAAAQiBAAAACGFkbWluX2lk\n	1421340023
dca85eae96786025c214f9ea982904d4dad3e3e5	BQkDAAAAAQiBAAAACGFkbWluX2lk\n	1421340056
8592f8fc82b74f26ee940c5d605bee554cd4067f	BQkDAAAAAQiBAAAACGFkbWluX2lk\n	1421340075
9814816db71521363ce952bc7cbc58f048ee02fe	BQkDAAAAAQiBAAAACGFkbWluX2lk\n	1421340139
\.


--
-- Data for Name: ssl_configs; Type: TABLE DATA; Schema: public; Owner: qvd
--

COPY ssl_configs (key, value) FROM stdin;
l7r.ssl.cert	-----BEGIN CERTIFICATE-----\nMIIC2jCCAkOgAwIBAgIJAL/yPexox+4wMA0GCSqGSIb3DQEBBQUAMIGFMQswCQYD\nVQQGEwJFUzEPMA0GA1UECAwGTWFkcmlkMQ8wDQYDVQQHDAZNYWRyaWQxDzANBgNV\nBAoMBlFpbmRlbDEMMAoGA1UECwwDUVZEMREwDwYDVQQDDAhiZW5qYW1pbjEiMCAG\nCSqGSIb3DQEJARYTYnJhbWlyZXpAcWluZGVsLmNvbTAeFw0xNDEyMDIxMTE3MTRa\nFw0xNTAxMzExMTE3MTRaMIGFMQswCQYDVQQGEwJFUzEPMA0GA1UECAwGTWFkcmlk\nMQ8wDQYDVQQHDAZNYWRyaWQxDzANBgNVBAoMBlFpbmRlbDEMMAoGA1UECwwDUVZE\nMREwDwYDVQQDDAhiZW5qYW1pbjEiMCAGCSqGSIb3DQEJARYTYnJhbWlyZXpAcWlu\nZGVsLmNvbTCBnzANBgkqhkiG9w0BAQEFAAOBjQAwgYkCgYEA24o2MLy9+d9l7Y80\nTBwvRDfjb2Q78BtQRmZtpY/IVyF1WNzDgsimNEcmqEq7Ubo25IfntLtmrVRlHzq3\nmVVFMQEWuw8LrG9t+OcGTHdVewidGsQu6GfJClfcExwYH8t6hC1fYnozBh1hh9OO\nNB9h9T+jXTO8ZxBoe+A17wfjbCsCAwEAAaNQME4wHQYDVR0OBBYEFOYTlgGJ+VBz\ngb+3DbIePaXLpapqMB8GA1UdIwQYMBaAFOYTlgGJ+VBzgb+3DbIePaXLpapqMAwG\nA1UdEwQFMAMBAf8wDQYJKoZIhvcNAQEFBQADgYEAxDYgJ5bEl1Cihz9M7Lh26am6\nII7CFKeNlSgR/CrMz6OHKZl0fOu6/aEB1F+YkSb6hCA9hLthfv5tBmnWS+9vHW7D\n5yTlhTS+uYxsRgbtYKMQUy8sQMbSMuqFa6W2G1B3/BkYaw84U6LqCUT+kv0OkUqu\nZUrZqO4QLJUnCZ891aw=\n-----END CERTIFICATE-----\n
l7r.ssl.key	-----BEGIN RSA PRIVATE KEY-----\nMIICXAIBAAKBgQDbijYwvL3532XtjzRMHC9EN+NvZDvwG1BGZm2lj8hXIXVY3MOC\nyKY0RyaoSrtRujbkh+e0u2atVGUfOreZVUUxARa7Dwusb2345wZMd1V7CJ0axC7o\nZ8kKV9wTHBgfy3qELV9iejMGHWGH0440H2H1P6NdM7xnEGh74DXvB+NsKwIDAQAB\nAoGAS7r2jINfCSXd1D+065hBWcfppZAu+NmDLHXC1vytQBkjkJ6+touegaQVmrIE\nweF5dAXJkNegSKQ3KbmogbUfY29Y7Y3vpc/H+f+uAfS3vcDdKunp/gyn5GWwR2Xt\ndpcTWDgJMKDHdCyVzfKmkUEOOgRPsD+EP4JjReht+Mc6GJECQQD5MzMPdxmcWSvI\nMI2PH+krExJYm2n+zPtn47D3DboYb6zv+AWAoIuUexfECJ3Dt8DT22GFXfAUOzeK\nSk05cg85AkEA4YfR43X03LtMp4am+K18HdlB8eEEjqvZsnCQL3i1hucFFgxpyFid\nKbM8eZk5XsjqGJOJIyWkGozQm8SNA3CygwJBAKbLLxzl0Z2FTbmjTcyDRlSPYlMu\nSqbB2m/xxWvGo01hyfWgI0axrlsGfKS4Q6hRIF5s0vwqINvZutXz33ZYsnkCQDkg\nBfHvds5SQuBMIw7qIn4NAb8al+TrcoDYMi1UDebVrVwgWMr+ZxCg7bh/LyDrEyCW\nfi4A4sg20sAh0PYGHbECQAFCqqIcpYOJt69UaSPiO2EcKFRQPAFJgFTxEeG/cMdS\n0HcKawN6kiuZcXAQ5Uo31e/Q1RbXArx1O7HWlvqxX7Y=\n-----END RSA PRIVATE KEY-----\n
\.


--
-- Data for Name: tenant_views_setups; Type: TABLE DATA; Schema: public; Owner: qvd
--

COPY tenant_views_setups (id, tenant_id, field, visible, device_type, view_type, qvd_object, property) FROM stdin;
183	7	Autobus	f	mobile	filter	user	t
184	0	Autobus	f	mobile	filter	user	t
185	7	Autobus	f	mobile	list_column	user	t
186	0	Autobus	f	mobile	list_column	user	t
187	7	Autobus	f	desktop	filter	user	t
188	0	Autobus	f	desktop	filter	user	t
189	7	Autobus	f	desktop	list_column	user	t
190	0	Autobus	f	desktop	list_column	user	t
199	1	propN	f	mobile	filter	user	t
7207	1	Working group	f	mobile	filter	user	t
201	1	propN	f	mobile	list_column	user	t
7208	0	Working group	f	mobile	filter	user	t
203	1	propN	f	desktop	filter	user	t
7209	1	Working group	f	mobile	list_column	user	t
205	1	propN	f	desktop	list_column	user	t
7210	0	Working group	f	mobile	list_column	user	t
7211	1	Working group	f	desktop	filter	user	t
7212	0	Working group	f	desktop	filter	user	t
7213	1	Working group	f	desktop	list_column	user	t
7214	0	Working group	f	desktop	list_column	user	t
215	1	prop1	f	mobile	filter	user	t
217	1	prop1	f	mobile	list_column	user	t
219	1	prop1	f	desktop	filter	user	t
221	1	prop1	f	desktop	list_column	user	t
223	1	prop3	f	mobile	filter	user	t
225	1	prop3	f	mobile	list_column	user	t
227	1	prop3	f	desktop	filter	user	t
229	1	prop3	f	desktop	list_column	user	t
231	1	propN	f	mobile	filter	osf	t
233	1	propN	f	mobile	list_column	osf	t
235	1	propN	f	desktop	filter	osf	t
237	1	propN	f	desktop	list_column	osf	t
247	1	prop1	f	mobile	filter	osf	t
249	1	prop1	f	mobile	list_column	osf	t
251	1	prop1	f	desktop	filter	osf	t
253	1	prop1	f	desktop	list_column	osf	t
255	1	propN	f	mobile	filter	di	t
257	1	propN	f	mobile	list_column	di	t
259	1	propN	f	desktop	filter	di	t
261	1	propN	f	desktop	list_column	di	t
271	1	prop1	f	mobile	filter	di	t
273	1	prop1	f	mobile	list_column	di	t
275	1	prop1	f	desktop	filter	di	t
277	1	prop1	f	desktop	list_column	di	t
291	1	propN	f	mobile	filter	vm	t
293	1	propN	f	mobile	list_column	vm	t
295	1	propN	f	desktop	filter	vm	t
297	1	propN	f	desktop	list_column	vm	t
307	1	prop1	f	mobile	filter	vm	t
309	1	prop1	f	mobile	list_column	vm	t
311	1	prop1	f	desktop	filter	vm	t
313	1	prop1	f	desktop	list_column	vm	t
315	1	prop3	f	mobile	filter	vm	t
317	1	prop3	f	mobile	list_column	vm	t
319	1	prop3	f	desktop	filter	vm	t
321	1	prop3	f	desktop	list_column	vm	t
403	1	prop3	f	mobile	filter	di	t
405	1	prop3	f	mobile	list_column	di	t
407	1	prop3	f	desktop	filter	di	t
409	1	prop3	f	desktop	list_column	di	t
6635	1	Main Building	f	mobile	filter	vm	t
6636	0	Main Building	f	mobile	filter	vm	t
6637	1	Main Building	f	mobile	list_column	vm	t
6638	0	Main Building	f	mobile	list_column	vm	t
6639	1	Main Building	f	desktop	filter	vm	t
6640	0	Main Building	f	desktop	filter	vm	t
6641	1	Main Building	f	desktop	list_column	vm	t
6642	0	Main Building	f	desktop	list_column	vm	t
7199	1	Company	f	mobile	filter	user	t
7200	0	Company	f	mobile	filter	user	t
7201	1	Company	f	mobile	list_column	user	t
7202	0	Company	f	mobile	list_column	user	t
7203	1	Company	f	desktop	filter	user	t
7204	0	Company	f	desktop	filter	user	t
7205	1	Company	f	desktop	list_column	user	t
7206	0	Company	f	desktop	list_column	user	t
371	1	prop3	f	mobile	filter	osf	t
373	1	prop3	f	mobile	list_column	osf	t
375	1	prop3	f	desktop	filter	osf	t
377	1	prop3	f	desktop	list_column	osf	t
\.


--
-- Name: tenant_views_setups_id_seq; Type: SEQUENCE SET; Schema: public; Owner: qvd
--

SELECT pg_catalog.setval('tenant_views_setups_id_seq', 7214, true);


--
-- Data for Name: tenants; Type: TABLE DATA; Schema: public; Owner: qvd
--

COPY tenants (id, name, language, block) FROM stdin;
7	Galicia	en	10
1	Madrid	es	10
0	*	en	10
\.


--
-- Name: tenants_id_seq; Type: SEQUENCE SET; Schema: public; Owner: qvd
--

SELECT pg_catalog.setval('tenants_id_seq', 11, true);


--
-- Data for Name: user_cmds; Type: TABLE DATA; Schema: public; Owner: qvd
--

COPY user_cmds (name) FROM stdin;
abort
\.


--
-- Data for Name: user_properties; Type: TABLE DATA; Schema: public; Owner: qvd
--

COPY user_properties (user_id, key, value) FROM stdin;
19	Autobus	Linea 5
17	Company	Qindel
17	Working group	Systems
\.


--
-- Data for Name: user_states; Type: TABLE DATA; Schema: public; Owner: qvd
--

COPY user_states (name) FROM stdin;
disconnected
connecting
connected
\.


--
-- Data for Name: users; Type: TABLE DATA; Schema: public; Owner: qvd
--

COPY users (id, login, password, blocked, tenant_id) FROM stdin;
19	guser001	GArnDd3T+Mp1VTk3KQN6YEw//taR757d6satfy5kjd0	f	7
20	guser002	CRVk1wSvZuGlKkGHjMSarRcrKfiCJcQlLmJTI8RohHA	f	7
17	muser001	9j0tRxRV5KhGECSSSUDLWb7To6OZ0qkHGqdmUokAlnk	t	1
167	benja	T4xnZxLNRHFfT3h1mInkVCTO8aIFLbpwrBnt6UP/zOU	f	1
18	muser002	pAMpLvAmf1aL9zpFjqUP0vmnW4pxP89QOOIsgk2F+AQ	t	1
\.


--
-- Name: users_id_seq; Type: SEQUENCE SET; Schema: public; Owner: qvd
--

SELECT pg_catalog.setval('users_id_seq', 216, true);


--
-- Data for Name: versions; Type: TABLE DATA; Schema: public; Owner: qvd
--

COPY versions (component, version) FROM stdin;
schema	3.3.0
\.


--
-- Data for Name: vm_cmds; Type: TABLE DATA; Schema: public; Owner: qvd
--

COPY vm_cmds (name) FROM stdin;
start
stop
busy
\.


--
-- Data for Name: vm_counters; Type: TABLE DATA; Schema: public; Owner: qvd
--

COPY vm_counters (vm_id, run_attempts, run_ok) FROM stdin;
5	0	0
7	0	0
8	0	0
9	0	0
10	0	0
111	19	11
6	1	0
123	4	4
4	1	0
3	5	0
151	2	2
\.


--
-- Data for Name: vm_properties; Type: TABLE DATA; Schema: public; Owner: qvd
--

COPY vm_properties (vm_id, key, value) FROM stdin;
3	Main Building	Edificio Principe Tercera Fase
\.


--
-- Data for Name: vm_runtimes; Type: TABLE DATA; Schema: public; Owner: qvd
--

COPY vm_runtimes (vm_id, host_id, current_osf_id, current_di_id, user_ip, real_user_id, vm_state, vm_state_ts, vm_cmd, vm_pid, user_state, user_state_ts, user_cmd, vma_ok_ts, l7r_host, l7r_pid, vm_address, vm_vma_port, vm_x_port, vm_ssh_port, vm_vnc_port, vm_mon_port, vm_serial_port, blocked, vm_expiration_soft, vm_expiration_hard, l7r_host_id) FROM stdin;
7	\N	\N	\N	\N	\N	stopped	\N	\N	\N	disconnected	\N	\N	\N	\N	\N	\N	\N	\N	\N	\N	\N	\N	f	\N	\N	\N
8	\N	\N	\N	\N	\N	stopped	\N	\N	\N	disconnected	\N	\N	\N	\N	\N	\N	\N	\N	\N	\N	\N	\N	f	\N	\N	\N
9	\N	\N	\N	\N	\N	stopped	\N	\N	\N	disconnected	\N	\N	\N	\N	\N	\N	\N	\N	\N	\N	\N	\N	f	\N	\N	\N
10	\N	\N	\N	\N	\N	stopped	\N	\N	\N	disconnected	\N	\N	\N	\N	\N	\N	\N	\N	\N	\N	\N	\N	f	\N	\N	\N
5	\N	\N	\N	\N	\N	stopped	\N	\N	\N	disconnected	\N	\N	\N	\N	\N	\N	\N	\N	\N	\N	\N	\N	f	\N	2014-11-30 12:22:00	\N
6	\N	\N	\N	\N	\N	stopped	\N	\N	\N	disconnected	\N	\N	\N	\N	\N	\N	\N	\N	\N	\N	\N	\N	f	\N	\N	\N
3	\N	\N	\N	\N	\N	stopped	\N	\N	\N	disconnected	\N	\N	\N	\N	\N	\N	\N	\N	\N	\N	\N	\N	t	\N	\N	\N
123	1	\N	238	\N	167	running	\N	\N	\N	disconnected	1418639542	\N	\N	\N	\N	10.3.15.253	3030	4100	22	0	0	2007	f	\N	\N	\N
151	1	\N	268	\N	\N	running	\N	\N	\N	disconnected	\N	\N	\N	\N	\N	10.3.15.252	3030	4100	22	0	0	2010	f	\N	\N	\N
4	\N	\N	\N	\N	\N	stopped	\N	\N	\N	disconnected	\N	\N	\N	\N	\N	\N	\N	\N	\N	\N	\N	\N	f	\N	\N	\N
111	1	\N	4	\N	\N	running	\N	\N	\N	disconnected	\N	\N	\N	\N	\N	10.3.15.254	3030	4100	22	0	0	2005	f	\N	\N	\N
\.


--
-- Data for Name: vm_states; Type: TABLE DATA; Schema: public; Owner: qvd
--

COPY vm_states (name) FROM stdin;
stopped
starting
running
stopping
zombie
debugging
\.


--
-- Data for Name: vms; Type: TABLE DATA; Schema: public; Owner: qvd
--

COPY vms (id, name, user_id, osf_id, di_tag, ip, storage) FROM stdin;
4	mVM-1-S	17	15	v12	10.0.255.251	\N
5	mVM-2-U	18	14	v14	10.0.255.250	\N
6	mVM-2-S	18	15	v14	10.0.255.249	\N
7	gVM-1-U	19	16	v12	10.0.255.248	\N
8	gVM-1-S	19	17	v12	10.0.255.247	\N
9	gVM-2-U	20	16	v14	10.0.255.246	\N
10	gVM-2-S	20	17	v14	10.0.255.245	\N
3	mVM-1-U	17	14	default	10.0.255.252	\N
111	Machine REAL	17	14	default	10.3.15.254	\N
123	benjaVM	167	164	default	10.3.15.253	\N
151	GaliVM	19	16	galiDI	10.3.15.252	\N
\.


--
-- Name: vms_id_seq; Type: SEQUENCE SET; Schema: public; Owner: qvd
--

SELECT pg_catalog.setval('vms_id_seq', 173, true);


--
-- Name: acl_role_relations_acl_id_role_id; Type: CONSTRAINT; Schema: public; Owner: qvd; Tablespace: 
--

ALTER TABLE ONLY acl_role_relations
    ADD CONSTRAINT acl_role_relations_acl_id_role_id UNIQUE (acl_id, role_id);


--
-- Name: acl_role_relations_pkey; Type: CONSTRAINT; Schema: public; Owner: qvd; Tablespace: 
--

ALTER TABLE ONLY acl_role_relations
    ADD CONSTRAINT acl_role_relations_pkey PRIMARY KEY (id);


--
-- Name: acls_name; Type: CONSTRAINT; Schema: public; Owner: qvd; Tablespace: 
--

ALTER TABLE ONLY acls
    ADD CONSTRAINT acls_name UNIQUE (name);


--
-- Name: acls_pkey; Type: CONSTRAINT; Schema: public; Owner: qvd; Tablespace: 
--

ALTER TABLE ONLY acls
    ADD CONSTRAINT acls_pkey PRIMARY KEY (id);


--
-- Name: administrator_views_setups_pkey; Type: CONSTRAINT; Schema: public; Owner: qvd; Tablespace: 
--

ALTER TABLE ONLY administrator_views_setups
    ADD CONSTRAINT administrator_views_setups_pkey PRIMARY KEY (id);


--
-- Name: administrator_views_setups_unique; Type: CONSTRAINT; Schema: public; Owner: qvd; Tablespace: 
--

ALTER TABLE ONLY administrator_views_setups
    ADD CONSTRAINT administrator_views_setups_unique UNIQUE (administrator_id, field, view_type, device_type, qvd_object, property);


--
-- Name: administrators_name; Type: CONSTRAINT; Schema: public; Owner: qvd; Tablespace: 
--

ALTER TABLE ONLY administrators
    ADD CONSTRAINT administrators_name UNIQUE (name);


--
-- Name: administrators_pkey; Type: CONSTRAINT; Schema: public; Owner: qvd; Tablespace: 
--

ALTER TABLE ONLY administrators
    ADD CONSTRAINT administrators_pkey PRIMARY KEY (id);


--
-- Name: configs_pkey; Type: CONSTRAINT; Schema: public; Owner: qvd; Tablespace: 
--

ALTER TABLE ONLY configs
    ADD CONSTRAINT configs_pkey PRIMARY KEY (key);


--
-- Name: di_properties_pkey; Type: CONSTRAINT; Schema: public; Owner: qvd; Tablespace: 
--

ALTER TABLE ONLY di_properties
    ADD CONSTRAINT di_properties_pkey PRIMARY KEY (di_id, key);


--
-- Name: di_tags_pkey; Type: CONSTRAINT; Schema: public; Owner: qvd; Tablespace: 
--

ALTER TABLE ONLY di_tags
    ADD CONSTRAINT di_tags_pkey PRIMARY KEY (id);


--
-- Name: dis_osf_id_version; Type: CONSTRAINT; Schema: public; Owner: qvd; Tablespace: 
--

ALTER TABLE ONLY dis
    ADD CONSTRAINT dis_osf_id_version UNIQUE (osf_id, version);


--
-- Name: dis_pkey; Type: CONSTRAINT; Schema: public; Owner: qvd; Tablespace: 
--

ALTER TABLE ONLY dis
    ADD CONSTRAINT dis_pkey PRIMARY KEY (id);


--
-- Name: host_cmds_pkey; Type: CONSTRAINT; Schema: public; Owner: qvd; Tablespace: 
--

ALTER TABLE ONLY host_cmds
    ADD CONSTRAINT host_cmds_pkey PRIMARY KEY (name);


--
-- Name: host_counters_pkey; Type: CONSTRAINT; Schema: public; Owner: qvd; Tablespace: 
--

ALTER TABLE ONLY host_counters
    ADD CONSTRAINT host_counters_pkey PRIMARY KEY (host_id);


--
-- Name: host_properties_pkey; Type: CONSTRAINT; Schema: public; Owner: qvd; Tablespace: 
--

ALTER TABLE ONLY host_properties
    ADD CONSTRAINT host_properties_pkey PRIMARY KEY (host_id, key);


--
-- Name: host_runtimes_pkey; Type: CONSTRAINT; Schema: public; Owner: qvd; Tablespace: 
--

ALTER TABLE ONLY host_runtimes
    ADD CONSTRAINT host_runtimes_pkey PRIMARY KEY (host_id);


--
-- Name: host_states_pkey; Type: CONSTRAINT; Schema: public; Owner: qvd; Tablespace: 
--

ALTER TABLE ONLY host_states
    ADD CONSTRAINT host_states_pkey PRIMARY KEY (name);


--
-- Name: hosts_address; Type: CONSTRAINT; Schema: public; Owner: qvd; Tablespace: 
--

ALTER TABLE ONLY hosts
    ADD CONSTRAINT hosts_address UNIQUE (address);


--
-- Name: hosts_name; Type: CONSTRAINT; Schema: public; Owner: qvd; Tablespace: 
--

ALTER TABLE ONLY hosts
    ADD CONSTRAINT hosts_name UNIQUE (name);


--
-- Name: hosts_pkey; Type: CONSTRAINT; Schema: public; Owner: qvd; Tablespace: 
--

ALTER TABLE ONLY hosts
    ADD CONSTRAINT hosts_pkey PRIMARY KEY (id);


--
-- Name: osf_properties_pkey; Type: CONSTRAINT; Schema: public; Owner: qvd; Tablespace: 
--

ALTER TABLE ONLY osf_properties
    ADD CONSTRAINT osf_properties_pkey PRIMARY KEY (osf_id, key);


--
-- Name: osfs_name_tenant_id; Type: CONSTRAINT; Schema: public; Owner: qvd; Tablespace: 
--

ALTER TABLE ONLY osfs
    ADD CONSTRAINT osfs_name_tenant_id UNIQUE (name, tenant_id);


--
-- Name: osfs_pkey; Type: CONSTRAINT; Schema: public; Owner: qvd; Tablespace: 
--

ALTER TABLE ONLY osfs
    ADD CONSTRAINT osfs_pkey PRIMARY KEY (id);


--
-- Name: role_administrator_relations_administrator_id_role_id; Type: CONSTRAINT; Schema: public; Owner: qvd; Tablespace: 
--

ALTER TABLE ONLY role_administrator_relations
    ADD CONSTRAINT role_administrator_relations_administrator_id_role_id UNIQUE (administrator_id, role_id);


--
-- Name: role_administrator_relations_pkey; Type: CONSTRAINT; Schema: public; Owner: qvd; Tablespace: 
--

ALTER TABLE ONLY role_administrator_relations
    ADD CONSTRAINT role_administrator_relations_pkey PRIMARY KEY (id);


--
-- Name: role_role_relations_inheritor_id_inherited_id; Type: CONSTRAINT; Schema: public; Owner: qvd; Tablespace: 
--

ALTER TABLE ONLY role_role_relations
    ADD CONSTRAINT role_role_relations_inheritor_id_inherited_id UNIQUE (inheritor_id, inherited_id);


--
-- Name: role_role_relations_pkey; Type: CONSTRAINT; Schema: public; Owner: qvd; Tablespace: 
--

ALTER TABLE ONLY role_role_relations
    ADD CONSTRAINT role_role_relations_pkey PRIMARY KEY (id);


--
-- Name: roles_name; Type: CONSTRAINT; Schema: public; Owner: qvd; Tablespace: 
--

ALTER TABLE ONLY roles
    ADD CONSTRAINT roles_name UNIQUE (name);


--
-- Name: roles_pkey; Type: CONSTRAINT; Schema: public; Owner: qvd; Tablespace: 
--

ALTER TABLE ONLY roles
    ADD CONSTRAINT roles_pkey PRIMARY KEY (id);


--
-- Name: session_pkey; Type: CONSTRAINT; Schema: public; Owner: qvd; Tablespace: 
--

ALTER TABLE ONLY session
    ADD CONSTRAINT session_pkey PRIMARY KEY (sid);


--
-- Name: ssl_configs_pkey; Type: CONSTRAINT; Schema: public; Owner: qvd; Tablespace: 
--

ALTER TABLE ONLY ssl_configs
    ADD CONSTRAINT ssl_configs_pkey PRIMARY KEY (key);


--
-- Name: tenant_views_setups_pkey; Type: CONSTRAINT; Schema: public; Owner: qvd; Tablespace: 
--

ALTER TABLE ONLY tenant_views_setups
    ADD CONSTRAINT tenant_views_setups_pkey PRIMARY KEY (id);


--
-- Name: tenant_views_setups_unique; Type: CONSTRAINT; Schema: public; Owner: qvd; Tablespace: 
--

ALTER TABLE ONLY tenant_views_setups
    ADD CONSTRAINT tenant_views_setups_unique UNIQUE (tenant_id, field, view_type, device_type, qvd_object, property);


--
-- Name: tenants_name; Type: CONSTRAINT; Schema: public; Owner: qvd; Tablespace: 
--

ALTER TABLE ONLY tenants
    ADD CONSTRAINT tenants_name UNIQUE (name);


--
-- Name: tenants_pkey; Type: CONSTRAINT; Schema: public; Owner: qvd; Tablespace: 
--

ALTER TABLE ONLY tenants
    ADD CONSTRAINT tenants_pkey PRIMARY KEY (id);


--
-- Name: user_cmds_pkey; Type: CONSTRAINT; Schema: public; Owner: qvd; Tablespace: 
--

ALTER TABLE ONLY user_cmds
    ADD CONSTRAINT user_cmds_pkey PRIMARY KEY (name);


--
-- Name: user_properties_pkey; Type: CONSTRAINT; Schema: public; Owner: qvd; Tablespace: 
--

ALTER TABLE ONLY user_properties
    ADD CONSTRAINT user_properties_pkey PRIMARY KEY (user_id, key);


--
-- Name: user_states_pkey; Type: CONSTRAINT; Schema: public; Owner: qvd; Tablespace: 
--

ALTER TABLE ONLY user_states
    ADD CONSTRAINT user_states_pkey PRIMARY KEY (name);


--
-- Name: users_login_tenant_id; Type: CONSTRAINT; Schema: public; Owner: qvd; Tablespace: 
--

ALTER TABLE ONLY users
    ADD CONSTRAINT users_login_tenant_id UNIQUE (login, tenant_id);


--
-- Name: users_pkey; Type: CONSTRAINT; Schema: public; Owner: qvd; Tablespace: 
--

ALTER TABLE ONLY users
    ADD CONSTRAINT users_pkey PRIMARY KEY (id);


--
-- Name: versions_pkey; Type: CONSTRAINT; Schema: public; Owner: qvd; Tablespace: 
--

ALTER TABLE ONLY versions
    ADD CONSTRAINT versions_pkey PRIMARY KEY (component);


--
-- Name: vm_cmds_pkey; Type: CONSTRAINT; Schema: public; Owner: qvd; Tablespace: 
--

ALTER TABLE ONLY vm_cmds
    ADD CONSTRAINT vm_cmds_pkey PRIMARY KEY (name);


--
-- Name: vm_counters_pkey; Type: CONSTRAINT; Schema: public; Owner: qvd; Tablespace: 
--

ALTER TABLE ONLY vm_counters
    ADD CONSTRAINT vm_counters_pkey PRIMARY KEY (vm_id);


--
-- Name: vm_properties_pkey; Type: CONSTRAINT; Schema: public; Owner: qvd; Tablespace: 
--

ALTER TABLE ONLY vm_properties
    ADD CONSTRAINT vm_properties_pkey PRIMARY KEY (vm_id, key);


--
-- Name: vm_runtimes_pkey; Type: CONSTRAINT; Schema: public; Owner: qvd; Tablespace: 
--

ALTER TABLE ONLY vm_runtimes
    ADD CONSTRAINT vm_runtimes_pkey PRIMARY KEY (vm_id);


--
-- Name: vm_states_pkey; Type: CONSTRAINT; Schema: public; Owner: qvd; Tablespace: 
--

ALTER TABLE ONLY vm_states
    ADD CONSTRAINT vm_states_pkey PRIMARY KEY (name);


--
-- Name: vms_ip; Type: CONSTRAINT; Schema: public; Owner: qvd; Tablespace: 
--

ALTER TABLE ONLY vms
    ADD CONSTRAINT vms_ip UNIQUE (ip);


--
-- Name: vms_name; Type: CONSTRAINT; Schema: public; Owner: qvd; Tablespace: 
--

ALTER TABLE ONLY vms
    ADD CONSTRAINT vms_name UNIQUE (name);


--
-- Name: vms_pkey; Type: CONSTRAINT; Schema: public; Owner: qvd; Tablespace: 
--

ALTER TABLE ONLY vms
    ADD CONSTRAINT vms_pkey PRIMARY KEY (id);


--
-- Name: acl_role_relations_idx_acl_id; Type: INDEX; Schema: public; Owner: qvd; Tablespace: 
--

CREATE INDEX acl_role_relations_idx_acl_id ON acl_role_relations USING btree (acl_id);


--
-- Name: acl_role_relations_idx_role_id; Type: INDEX; Schema: public; Owner: qvd; Tablespace: 
--

CREATE INDEX acl_role_relations_idx_role_id ON acl_role_relations USING btree (role_id);


--
-- Name: administrator_views_setups_idx_administrator_id; Type: INDEX; Schema: public; Owner: qvd; Tablespace: 
--

CREATE INDEX administrator_views_setups_idx_administrator_id ON administrator_views_setups USING btree (administrator_id);


--
-- Name: administrators_idx_tenant_id; Type: INDEX; Schema: public; Owner: qvd; Tablespace: 
--

CREATE INDEX administrators_idx_tenant_id ON administrators USING btree (tenant_id);


--
-- Name: di_properties_idx_di_id; Type: INDEX; Schema: public; Owner: qvd; Tablespace: 
--

CREATE INDEX di_properties_idx_di_id ON di_properties USING btree (di_id);


--
-- Name: di_tags_idx_di_id; Type: INDEX; Schema: public; Owner: qvd; Tablespace: 
--

CREATE INDEX di_tags_idx_di_id ON di_tags USING btree (di_id);


--
-- Name: dis_idx_osf_id; Type: INDEX; Schema: public; Owner: qvd; Tablespace: 
--

CREATE INDEX dis_idx_osf_id ON dis USING btree (osf_id);


--
-- Name: host_properties_idx_host_id; Type: INDEX; Schema: public; Owner: qvd; Tablespace: 
--

CREATE INDEX host_properties_idx_host_id ON host_properties USING btree (host_id);


--
-- Name: host_runtimes_idx_cmd; Type: INDEX; Schema: public; Owner: qvd; Tablespace: 
--

CREATE INDEX host_runtimes_idx_cmd ON host_runtimes USING btree (cmd);


--
-- Name: host_runtimes_idx_state; Type: INDEX; Schema: public; Owner: qvd; Tablespace: 
--

CREATE INDEX host_runtimes_idx_state ON host_runtimes USING btree (state);


--
-- Name: osf_properties_idx_osf_id; Type: INDEX; Schema: public; Owner: qvd; Tablespace: 
--

CREATE INDEX osf_properties_idx_osf_id ON osf_properties USING btree (osf_id);


--
-- Name: osfs_idx_tenant_id; Type: INDEX; Schema: public; Owner: qvd; Tablespace: 
--

CREATE INDEX osfs_idx_tenant_id ON osfs USING btree (tenant_id);


--
-- Name: role_administrator_relations_idx_administrator_id; Type: INDEX; Schema: public; Owner: qvd; Tablespace: 
--

CREATE INDEX role_administrator_relations_idx_administrator_id ON role_administrator_relations USING btree (administrator_id);


--
-- Name: role_administrator_relations_idx_role_id; Type: INDEX; Schema: public; Owner: qvd; Tablespace: 
--

CREATE INDEX role_administrator_relations_idx_role_id ON role_administrator_relations USING btree (role_id);


--
-- Name: role_role_relations_idx_inherited_id; Type: INDEX; Schema: public; Owner: qvd; Tablespace: 
--

CREATE INDEX role_role_relations_idx_inherited_id ON role_role_relations USING btree (inherited_id);


--
-- Name: role_role_relations_idx_inheritor_id; Type: INDEX; Schema: public; Owner: qvd; Tablespace: 
--

CREATE INDEX role_role_relations_idx_inheritor_id ON role_role_relations USING btree (inheritor_id);


--
-- Name: tenant_views_setups_idx_tenant_id; Type: INDEX; Schema: public; Owner: qvd; Tablespace: 
--

CREATE INDEX tenant_views_setups_idx_tenant_id ON tenant_views_setups USING btree (tenant_id);


--
-- Name: user_properties_idx_user_id; Type: INDEX; Schema: public; Owner: qvd; Tablespace: 
--

CREATE INDEX user_properties_idx_user_id ON user_properties USING btree (user_id);


--
-- Name: users_idx_tenant_id; Type: INDEX; Schema: public; Owner: qvd; Tablespace: 
--

CREATE INDEX users_idx_tenant_id ON users USING btree (tenant_id);


--
-- Name: vm_properties_idx_vm_id; Type: INDEX; Schema: public; Owner: qvd; Tablespace: 
--

CREATE INDEX vm_properties_idx_vm_id ON vm_properties USING btree (vm_id);


--
-- Name: vm_runtimes_idx_current_di_id; Type: INDEX; Schema: public; Owner: qvd; Tablespace: 
--

CREATE INDEX vm_runtimes_idx_current_di_id ON vm_runtimes USING btree (current_di_id);


--
-- Name: vm_runtimes_idx_current_osf_id; Type: INDEX; Schema: public; Owner: qvd; Tablespace: 
--

CREATE INDEX vm_runtimes_idx_current_osf_id ON vm_runtimes USING btree (current_osf_id);


--
-- Name: vm_runtimes_idx_host_id; Type: INDEX; Schema: public; Owner: qvd; Tablespace: 
--

CREATE INDEX vm_runtimes_idx_host_id ON vm_runtimes USING btree (host_id);


--
-- Name: vm_runtimes_idx_real_user_id; Type: INDEX; Schema: public; Owner: qvd; Tablespace: 
--

CREATE INDEX vm_runtimes_idx_real_user_id ON vm_runtimes USING btree (real_user_id);


--
-- Name: vm_runtimes_idx_user_cmd; Type: INDEX; Schema: public; Owner: qvd; Tablespace: 
--

CREATE INDEX vm_runtimes_idx_user_cmd ON vm_runtimes USING btree (user_cmd);


--
-- Name: vm_runtimes_idx_user_state; Type: INDEX; Schema: public; Owner: qvd; Tablespace: 
--

CREATE INDEX vm_runtimes_idx_user_state ON vm_runtimes USING btree (user_state);


--
-- Name: vm_runtimes_idx_vm_cmd; Type: INDEX; Schema: public; Owner: qvd; Tablespace: 
--

CREATE INDEX vm_runtimes_idx_vm_cmd ON vm_runtimes USING btree (vm_cmd);


--
-- Name: vm_runtimes_idx_vm_state; Type: INDEX; Schema: public; Owner: qvd; Tablespace: 
--

CREATE INDEX vm_runtimes_idx_vm_state ON vm_runtimes USING btree (vm_state);


--
-- Name: vms_idx_osf_id; Type: INDEX; Schema: public; Owner: qvd; Tablespace: 
--

CREATE INDEX vms_idx_osf_id ON vms USING btree (osf_id);


--
-- Name: vms_idx_user_id; Type: INDEX; Schema: public; Owner: qvd; Tablespace: 
--

CREATE INDEX vms_idx_user_id ON vms USING btree (user_id);


--
-- Name: delete_views_for_removed_di_property; Type: TRIGGER; Schema: public; Owner: qvd
--

CREATE TRIGGER delete_views_for_removed_di_property AFTER DELETE ON di_properties FOR EACH ROW EXECUTE PROCEDURE delete_views_for_removed_property('di');


--
-- Name: delete_views_for_removed_host_property; Type: TRIGGER; Schema: public; Owner: qvd
--

CREATE TRIGGER delete_views_for_removed_host_property AFTER DELETE ON host_properties FOR EACH ROW EXECUTE PROCEDURE delete_views_for_removed_property('host');


--
-- Name: delete_views_for_removed_osf_property; Type: TRIGGER; Schema: public; Owner: qvd
--

CREATE TRIGGER delete_views_for_removed_osf_property AFTER DELETE ON osf_properties FOR EACH ROW EXECUTE PROCEDURE delete_views_for_removed_property('osf');


--
-- Name: delete_views_for_removed_user_property; Type: TRIGGER; Schema: public; Owner: qvd
--

CREATE TRIGGER delete_views_for_removed_user_property AFTER DELETE ON user_properties FOR EACH ROW EXECUTE PROCEDURE delete_views_for_removed_property('user');


--
-- Name: delete_views_for_removed_vm_property; Type: TRIGGER; Schema: public; Owner: qvd
--

CREATE TRIGGER delete_views_for_removed_vm_property AFTER DELETE ON vm_properties FOR EACH ROW EXECUTE PROCEDURE delete_views_for_removed_property('vm');


--
-- Name: di_blocked_or_unblocked_trigger; Type: TRIGGER; Schema: public; Owner: qvd
--

CREATE TRIGGER di_blocked_or_unblocked_trigger AFTER UPDATE OF blocked ON dis FOR EACH STATEMENT EXECUTE PROCEDURE di_blocked_or_unblocked_notify();


--
-- Name: di_created_or_removed_trigger; Type: TRIGGER; Schema: public; Owner: qvd
--

CREATE TRIGGER di_created_or_removed_trigger AFTER INSERT OR DELETE ON dis FOR EACH STATEMENT EXECUTE PROCEDURE di_created_or_removed_notify();


--
-- Name: host_blocked_or_unblocked_trigger; Type: TRIGGER; Schema: public; Owner: qvd
--

CREATE TRIGGER host_blocked_or_unblocked_trigger AFTER UPDATE OF blocked ON host_runtimes FOR EACH STATEMENT EXECUTE PROCEDURE host_blocked_or_unblocked_notify();


--
-- Name: host_created_or_removed_trigger; Type: TRIGGER; Schema: public; Owner: qvd
--

CREATE TRIGGER host_created_or_removed_trigger AFTER INSERT OR DELETE ON hosts FOR EACH STATEMENT EXECUTE PROCEDURE host_created_or_removed_notify();


--
-- Name: host_state_changed_trigger; Type: TRIGGER; Schema: public; Owner: qvd
--

CREATE TRIGGER host_state_changed_trigger AFTER UPDATE OF state ON host_runtimes FOR EACH STATEMENT EXECUTE PROCEDURE host_state_changed_notify();


--
-- Name: osf_created_or_removed_trigger; Type: TRIGGER; Schema: public; Owner: qvd
--

CREATE TRIGGER osf_created_or_removed_trigger AFTER INSERT OR DELETE ON osfs FOR EACH STATEMENT EXECUTE PROCEDURE osf_created_or_removed_notify();


--
-- Name: user_blocked_or_unblocked_trigger; Type: TRIGGER; Schema: public; Owner: qvd
--

CREATE TRIGGER user_blocked_or_unblocked_trigger AFTER UPDATE OF blocked ON users FOR EACH STATEMENT EXECUTE PROCEDURE user_blocked_or_unblocked_notify();


--
-- Name: user_created_or_removed_trigger; Type: TRIGGER; Schema: public; Owner: qvd
--

CREATE TRIGGER user_created_or_removed_trigger AFTER INSERT OR DELETE ON users FOR EACH STATEMENT EXECUTE PROCEDURE user_created_or_removed_notify();


--
-- Name: user_state_changed_trigger; Type: TRIGGER; Schema: public; Owner: qvd
--

CREATE TRIGGER user_state_changed_trigger AFTER UPDATE OF user_state ON vm_runtimes FOR EACH STATEMENT EXECUTE PROCEDURE user_state_changed_notify();


--
-- Name: vm_blocked_or_unblocked_trigger; Type: TRIGGER; Schema: public; Owner: qvd
--

CREATE TRIGGER vm_blocked_or_unblocked_trigger AFTER UPDATE OF blocked ON vm_runtimes FOR EACH STATEMENT EXECUTE PROCEDURE vm_blocked_or_unblocked_notify();


--
-- Name: vm_created_or_removed_trigger; Type: TRIGGER; Schema: public; Owner: qvd
--

CREATE TRIGGER vm_created_or_removed_trigger AFTER INSERT OR DELETE ON vms FOR EACH STATEMENT EXECUTE PROCEDURE vm_created_or_removed_notify();


--
-- Name: vm_expiration_date_changed_trigger; Type: TRIGGER; Schema: public; Owner: qvd
--

CREATE TRIGGER vm_expiration_date_changed_trigger AFTER UPDATE OF vm_expiration_soft, vm_expiration_hard ON vm_runtimes FOR EACH STATEMENT EXECUTE PROCEDURE vm_expiration_date_changed_notify();


--
-- Name: vm_state_changed_trigger; Type: TRIGGER; Schema: public; Owner: qvd
--

CREATE TRIGGER vm_state_changed_trigger AFTER UPDATE OF vm_state ON vm_runtimes FOR EACH STATEMENT EXECUTE PROCEDURE vm_state_changed_notify();


--
-- Name: acl_role_relations_acl_id_acls_id_fkey; Type: FK CONSTRAINT; Schema: public; Owner: qvd
--

ALTER TABLE ONLY acl_role_relations
    ADD CONSTRAINT acl_role_relations_acl_id_acls_id_fkey FOREIGN KEY (acl_id) REFERENCES acls(id) ON UPDATE CASCADE ON DELETE CASCADE DEFERRABLE;


--
-- Name: acl_role_relations_acl_id_roles_id_fkey; Type: FK CONSTRAINT; Schema: public; Owner: qvd
--

ALTER TABLE ONLY acl_role_relations
    ADD CONSTRAINT acl_role_relations_acl_id_roles_id_fkey FOREIGN KEY (role_id) REFERENCES roles(id) ON UPDATE CASCADE ON DELETE CASCADE DEFERRABLE;


--
-- Name: administrator_views_setups_administrator_id_fkey; Type: FK CONSTRAINT; Schema: public; Owner: qvd
--

ALTER TABLE ONLY administrator_views_setups
    ADD CONSTRAINT administrator_views_setups_administrator_id_fkey FOREIGN KEY (administrator_id) REFERENCES administrators(id) ON UPDATE CASCADE ON DELETE CASCADE DEFERRABLE;


--
-- Name: administrators_tenant_id_tenants_id_fkey; Type: FK CONSTRAINT; Schema: public; Owner: qvd
--

ALTER TABLE ONLY administrators
    ADD CONSTRAINT administrators_tenant_id_tenants_id_fkey FOREIGN KEY (tenant_id) REFERENCES tenants(id) ON UPDATE CASCADE ON DELETE CASCADE DEFERRABLE;


--
-- Name: di_properties_di_id_fkey; Type: FK CONSTRAINT; Schema: public; Owner: qvd
--

ALTER TABLE ONLY di_properties
    ADD CONSTRAINT di_properties_di_id_fkey FOREIGN KEY (di_id) REFERENCES dis(id) ON UPDATE CASCADE ON DELETE CASCADE DEFERRABLE;


--
-- Name: di_tags_di_id_fkey; Type: FK CONSTRAINT; Schema: public; Owner: qvd
--

ALTER TABLE ONLY di_tags
    ADD CONSTRAINT di_tags_di_id_fkey FOREIGN KEY (di_id) REFERENCES dis(id) ON UPDATE CASCADE ON DELETE CASCADE DEFERRABLE;


--
-- Name: dis_osf_id_fkey; Type: FK CONSTRAINT; Schema: public; Owner: qvd
--

ALTER TABLE ONLY dis
    ADD CONSTRAINT dis_osf_id_fkey FOREIGN KEY (osf_id) REFERENCES osfs(id) ON UPDATE CASCADE DEFERRABLE;


--
-- Name: host_counters_host_id_fkey; Type: FK CONSTRAINT; Schema: public; Owner: qvd
--

ALTER TABLE ONLY host_counters
    ADD CONSTRAINT host_counters_host_id_fkey FOREIGN KEY (host_id) REFERENCES hosts(id) ON DELETE CASCADE DEFERRABLE;


--
-- Name: host_properties_host_id_fkey; Type: FK CONSTRAINT; Schema: public; Owner: qvd
--

ALTER TABLE ONLY host_properties
    ADD CONSTRAINT host_properties_host_id_fkey FOREIGN KEY (host_id) REFERENCES hosts(id) ON UPDATE CASCADE ON DELETE CASCADE DEFERRABLE;


--
-- Name: host_runtimes_cmd_fkey; Type: FK CONSTRAINT; Schema: public; Owner: qvd
--

ALTER TABLE ONLY host_runtimes
    ADD CONSTRAINT host_runtimes_cmd_fkey FOREIGN KEY (cmd) REFERENCES host_cmds(name) ON UPDATE CASCADE ON DELETE CASCADE DEFERRABLE;


--
-- Name: host_runtimes_host_id_fkey; Type: FK CONSTRAINT; Schema: public; Owner: qvd
--

ALTER TABLE ONLY host_runtimes
    ADD CONSTRAINT host_runtimes_host_id_fkey FOREIGN KEY (host_id) REFERENCES hosts(id) ON DELETE CASCADE DEFERRABLE;


--
-- Name: host_runtimes_state_fkey; Type: FK CONSTRAINT; Schema: public; Owner: qvd
--

ALTER TABLE ONLY host_runtimes
    ADD CONSTRAINT host_runtimes_state_fkey FOREIGN KEY (state) REFERENCES host_states(name) ON UPDATE CASCADE ON DELETE CASCADE DEFERRABLE;


--
-- Name: osf_properties_osf_id_fkey; Type: FK CONSTRAINT; Schema: public; Owner: qvd
--

ALTER TABLE ONLY osf_properties
    ADD CONSTRAINT osf_properties_osf_id_fkey FOREIGN KEY (osf_id) REFERENCES osfs(id) ON UPDATE CASCADE ON DELETE CASCADE DEFERRABLE;


--
-- Name: osfs_tenant_id_tenants_id_fkey; Type: FK CONSTRAINT; Schema: public; Owner: qvd
--

ALTER TABLE ONLY osfs
    ADD CONSTRAINT osfs_tenant_id_tenants_id_fkey FOREIGN KEY (tenant_id) REFERENCES tenants(id) ON UPDATE CASCADE ON DELETE CASCADE DEFERRABLE;


--
-- Name: role_administrator_relations_administrator_id_administrators_id; Type: FK CONSTRAINT; Schema: public; Owner: qvd
--

ALTER TABLE ONLY role_administrator_relations
    ADD CONSTRAINT role_administrator_relations_administrator_id_administrators_id FOREIGN KEY (administrator_id) REFERENCES administrators(id) ON UPDATE CASCADE ON DELETE CASCADE DEFERRABLE;


--
-- Name: role_administrator_relations_role_id_roles_id_fkey; Type: FK CONSTRAINT; Schema: public; Owner: qvd
--

ALTER TABLE ONLY role_administrator_relations
    ADD CONSTRAINT role_administrator_relations_role_id_roles_id_fkey FOREIGN KEY (role_id) REFERENCES roles(id) ON UPDATE CASCADE ON DELETE CASCADE DEFERRABLE;


--
-- Name: role_role_relations_inherited_id_roles_id_fkey; Type: FK CONSTRAINT; Schema: public; Owner: qvd
--

ALTER TABLE ONLY role_role_relations
    ADD CONSTRAINT role_role_relations_inherited_id_roles_id_fkey FOREIGN KEY (inherited_id) REFERENCES roles(id) ON UPDATE CASCADE ON DELETE CASCADE DEFERRABLE;


--
-- Name: role_role_relations_inheritor_id_roles_id_fkey; Type: FK CONSTRAINT; Schema: public; Owner: qvd
--

ALTER TABLE ONLY role_role_relations
    ADD CONSTRAINT role_role_relations_inheritor_id_roles_id_fkey FOREIGN KEY (inheritor_id) REFERENCES roles(id) ON UPDATE CASCADE ON DELETE CASCADE DEFERRABLE;


--
-- Name: tenant_views_setups_tenant_id_fkey; Type: FK CONSTRAINT; Schema: public; Owner: qvd
--

ALTER TABLE ONLY tenant_views_setups
    ADD CONSTRAINT tenant_views_setups_tenant_id_fkey FOREIGN KEY (tenant_id) REFERENCES tenants(id) ON UPDATE CASCADE ON DELETE CASCADE DEFERRABLE;


--
-- Name: user_properties_user_id_fkey; Type: FK CONSTRAINT; Schema: public; Owner: qvd
--

ALTER TABLE ONLY user_properties
    ADD CONSTRAINT user_properties_user_id_fkey FOREIGN KEY (user_id) REFERENCES users(id) ON UPDATE CASCADE ON DELETE CASCADE DEFERRABLE;


--
-- Name: users_tenant_id_tenants_id_fkey; Type: FK CONSTRAINT; Schema: public; Owner: qvd
--

ALTER TABLE ONLY users
    ADD CONSTRAINT users_tenant_id_tenants_id_fkey FOREIGN KEY (tenant_id) REFERENCES tenants(id) ON UPDATE CASCADE ON DELETE CASCADE DEFERRABLE;


--
-- Name: vm_counters_vm_id_fkey; Type: FK CONSTRAINT; Schema: public; Owner: qvd
--

ALTER TABLE ONLY vm_counters
    ADD CONSTRAINT vm_counters_vm_id_fkey FOREIGN KEY (vm_id) REFERENCES vms(id) ON DELETE CASCADE DEFERRABLE;


--
-- Name: vm_properties_vm_id_fkey; Type: FK CONSTRAINT; Schema: public; Owner: qvd
--

ALTER TABLE ONLY vm_properties
    ADD CONSTRAINT vm_properties_vm_id_fkey FOREIGN KEY (vm_id) REFERENCES vms(id) ON UPDATE CASCADE ON DELETE CASCADE DEFERRABLE;


--
-- Name: vm_runtimes_current_di_id_fkey; Type: FK CONSTRAINT; Schema: public; Owner: qvd
--

ALTER TABLE ONLY vm_runtimes
    ADD CONSTRAINT vm_runtimes_current_di_id_fkey FOREIGN KEY (current_di_id) REFERENCES dis(id) ON UPDATE CASCADE DEFERRABLE;


--
-- Name: vm_runtimes_current_osf_id_fkey; Type: FK CONSTRAINT; Schema: public; Owner: qvd
--

ALTER TABLE ONLY vm_runtimes
    ADD CONSTRAINT vm_runtimes_current_osf_id_fkey FOREIGN KEY (current_osf_id) REFERENCES osfs(id) DEFERRABLE;


--
-- Name: vm_runtimes_host_id_fkey; Type: FK CONSTRAINT; Schema: public; Owner: qvd
--

ALTER TABLE ONLY vm_runtimes
    ADD CONSTRAINT vm_runtimes_host_id_fkey FOREIGN KEY (host_id) REFERENCES hosts(id) ON UPDATE CASCADE DEFERRABLE;


--
-- Name: vm_runtimes_real_user_id_fkey; Type: FK CONSTRAINT; Schema: public; Owner: qvd
--

ALTER TABLE ONLY vm_runtimes
    ADD CONSTRAINT vm_runtimes_real_user_id_fkey FOREIGN KEY (real_user_id) REFERENCES users(id) DEFERRABLE;


--
-- Name: vm_runtimes_user_cmd_fkey; Type: FK CONSTRAINT; Schema: public; Owner: qvd
--

ALTER TABLE ONLY vm_runtimes
    ADD CONSTRAINT vm_runtimes_user_cmd_fkey FOREIGN KEY (user_cmd) REFERENCES user_cmds(name) ON UPDATE CASCADE ON DELETE CASCADE DEFERRABLE;


--
-- Name: vm_runtimes_user_state_fkey; Type: FK CONSTRAINT; Schema: public; Owner: qvd
--

ALTER TABLE ONLY vm_runtimes
    ADD CONSTRAINT vm_runtimes_user_state_fkey FOREIGN KEY (user_state) REFERENCES user_states(name) ON UPDATE CASCADE ON DELETE CASCADE DEFERRABLE;


--
-- Name: vm_runtimes_vm_cmd_fkey; Type: FK CONSTRAINT; Schema: public; Owner: qvd
--

ALTER TABLE ONLY vm_runtimes
    ADD CONSTRAINT vm_runtimes_vm_cmd_fkey FOREIGN KEY (vm_cmd) REFERENCES vm_cmds(name) ON UPDATE CASCADE ON DELETE CASCADE DEFERRABLE;


--
-- Name: vm_runtimes_vm_id_fkey; Type: FK CONSTRAINT; Schema: public; Owner: qvd
--

ALTER TABLE ONLY vm_runtimes
    ADD CONSTRAINT vm_runtimes_vm_id_fkey FOREIGN KEY (vm_id) REFERENCES vms(id) ON DELETE CASCADE DEFERRABLE;


--
-- Name: vm_runtimes_vm_state_fkey; Type: FK CONSTRAINT; Schema: public; Owner: qvd
--

ALTER TABLE ONLY vm_runtimes
    ADD CONSTRAINT vm_runtimes_vm_state_fkey FOREIGN KEY (vm_state) REFERENCES vm_states(name) ON UPDATE CASCADE ON DELETE CASCADE DEFERRABLE;


--
-- Name: vms_osf_id_fkey; Type: FK CONSTRAINT; Schema: public; Owner: qvd
--

ALTER TABLE ONLY vms
    ADD CONSTRAINT vms_osf_id_fkey FOREIGN KEY (osf_id) REFERENCES osfs(id) ON UPDATE CASCADE DEFERRABLE;


--
-- Name: vms_user_id_fkey; Type: FK CONSTRAINT; Schema: public; Owner: qvd
--

ALTER TABLE ONLY vms
    ADD CONSTRAINT vms_user_id_fkey FOREIGN KEY (user_id) REFERENCES users(id) ON UPDATE CASCADE DEFERRABLE;


--
-- Name: public; Type: ACL; Schema: -; Owner: postgres
--

REVOKE ALL ON SCHEMA public FROM PUBLIC;
REVOKE ALL ON SCHEMA public FROM postgres;
GRANT ALL ON SCHEMA public TO postgres;
GRANT ALL ON SCHEMA public TO PUBLIC;


--
-- PostgreSQL database dump complete
--

